frame,id,bb_left,bb_top,bb_width,bb_height,conf,x,y,z
1,1,1689.0,385.0,146.62,332.71,1,-1,-1,-1
1,2,1303.0,503.0,61.514,139.59,1,-1,-1,-1
1,3,1258.0,569.0,40.123,91.049,1,-1,-1,-1
1,4,31.0,525.0,113.37,257.27,1,-1,-1,-1
1,5,1800.0,483.0,94.66,214.81,1,-1,-1,-1
2,1,1689.0,385.0,146.62,332.71,1,-1,-1,-1
2,2,1312.0,503.0,61.514,139.59,1,-1,-1,-1
2,3,1254.0,537.0,52.0,118.0,1,-1,-1,-1
2,4,55.0,542.0,94.66,214.81,1,-1,-1,-1
2,5,1744.0,476.0,123.42,280.06,1,-1,-1,-1
3,1,1664.0,418.0,135.42,307.29,1,-1,-1,-1
3,2,1312.0,503.0,61.514,139.59,1,-1,-1,-1
3,3,1234.0,415.0,103.17,234.13,1,-1,-1,-1
3,4,51.0,555.0,87.838,199.32,1,-1,-1,-1
3,5,1776.0,473.0,113.37,257.27,1,-1,-1,-1
4,1,1668.0,371.0,159.84,362.7,1,-1,-1,-1
4,2,1305.0,500.0,67.474,153.11,1,-1,-1,-1
4,3,1852.0,505.0,30.903,70.127,1,-1,-1,-1
4,4,58.0,566.0,79.918,181.35,1,-1,-1,-1
4,5,1759.0,473.0,113.37,257.27,1,-1,-1,-1
5,1,1643.0,396.0,159.84,362.7,1,-1,-1,-1
5,2,1318.0,537.0,52.0,118.0,1,-1,-1,-1
5,3,1848.0,505.0,30.903,70.127,1,-1,-1,-1
5,5,1692.0,371.0,159.84,362.7,1,-1,-1,-1
6,1,1666.0,385.0,146.62,332.71,1,-1,-1,-1
6,2,1318.0,537.0,52.0,118.0,1,-1,-1,-1
6,3,1849.0,510.0,28.302,64.224,1,-1,-1,-1
6,4,107.0,494.0,103.17,234.13,1,-1,-1,-1
6,5,1741.0,473.0,113.37,257.27,1,-1,-1,-1
7,1,1668.0,371.0,159.84,362.7,1,-1,-1,-1
7,2,1316.0,489.0,67.474,153.11,1,-1,-1,-1
7,3,1849.0,510.0,28.302,64.224,1,-1,-1,-1
7,4,159.0,550.0,40.123,91.049,1,-1,-1,-1
7,5,1351.0,506.0,56.686,128.63,1,-1,-1,-1
8,1,1668.0,371.0,159.84,362.7,1,-1,-1,-1
8,2,1322.0,494.0,61.514,139.59,1,-1,-1,-1
8,3,1848.0,505.0,30.903,70.127,1,-1,-1,-1
8,4,123.0,494.0,103.17,234.13,1,-1,-1,-1
8,5,257.0,455.0,113.37,257.27,1,-1,-1,-1
9,1,1666.0,385.0,146.62,332.71,1,-1,-1,-1
9,2,1326.0,489.0,67.474,153.11,1,-1,-1,-1
9,3,1848.0,505.0,30.903,70.127,1,-1,-1,-1
9,4,142.0,521.0,52.0,118.0,1,-1,-1,-1
9,5,1727.0,418.0,135.42,307.29,1,-1,-1,-1
10,1,1689.0,385.0,146.62,332.71,1,-1,-1,-1
10,2,1326.0,500.0,67.474,153.11,1,-1,-1,-1
10,3,266.0,463.0,103.17,234.13,1,-1,-1,-1
10,4,146.0,515.0,56.686,128.63,1,-1,-1,-1
10,5,1278.0,545.0,47.794,108.46,1,-1,-1,-1
11,1,1689.0,385.0,146.62,332.71,1,-1,-1,-1
11,2,1326.0,500.0,67.474,153.11,1,-1,-1,-1
11,3,1278.0,545.0,47.794,108.46,1,-1,-1,-1
11,4,171.0,481.0,26.0,59.0,1,-1,-1,-1
11,5,266.0,463.0,103.17,234.13,1,-1,-1,-1
12,1,1689.0,408.0,146.62,332.71,1,-1,-1,-1
12,2,1326.0,490.0,73.864,167.61,1,-1,-1,-1
12,3,1837.0,351.0,103.17,234.13,1,-1,-1,-1
12,4,-8.0,290.0,207.45,470.74,1,-1,-1,-1
12,5,1619.0,396.0,159.84,362.7,1,-1,-1,-1
13,1,1689.0,385.0,146.62,332.71,1,-1,-1,-1
13,2,1867.0,391.0,30.903,70.127,1,-1,-1,-1
13,3,1326.0,490.0,73.864,167.61,1,-1,-1,-1
13,4,151.0,501.0,28.302,64.224,1,-1,-1,-1
13,5,1643.0,408.0,146.62,332.71,1,-1,-1,-1
14,1,1668.0,371.0,159.84,362.7,1,-1,-1,-1
14,2,1867.0,391.0,30.903,70.127,1,-1,-1,-1
14,3,1326.0,490.0,73.864,167.61,1,-1,-1,-1
14,4,-52.0,254.0,270.83,614.58,1,-1,-1,-1
14,5,1717.0,396.0,159.84,362.7,1,-1,-1,-1
15,1,1668.0,371.0,159.84,362.7,1,-1,-1,-1
15,2,1825.0,535.0,33.737,76.557,1,-1,-1,-1
15,3,1867.0,393.0,26.0,59.0,1,-1,-1,-1
15,4,-52.0,254.0,270.83,614.58,1,-1,-1,-1
15,5,1336.0,500.0,67.474,153.11,1,-1,-1,-1
16,1,1668.0,371.0,159.84,362.7,1,-1,-1,-1
16,2,1336.0,500.0,67.474,153.11,1,-1,-1,-1
16,3,1834.0,532.0,36.723,83.333,1,-1,-1,-1
16,4,-52.0,254.0,270.83,614.58,1,-1,-1,-1
16,5,1619.0,396.0,159.84,362.7,1,-1,-1,-1
17,1,1666.0,385.0,146.62,332.71,1,-1,-1,-1
17,2,1711.0,408.0,146.62,332.71,1,-1,-1,-1
17,3,1336.0,500.0,67.474,153.11,1,-1,-1,-1
17,4,-52.0,254.0,270.83,614.58,1,-1,-1,-1
18,1,1666.0,408.0,146.62,332.71,1,-1,-1,-1
18,2,1836.0,541.0,33.737,76.557,1,-1,-1,-1
18,3,1350.0,503.0,61.514,139.59,1,-1,-1,-1
18,4,-52.0,254.0,270.83,614.58,1,-1,-1,-1
18,5,1594.0,396.0,159.84,362.7,1,-1,-1,-1
19,1,1666.0,408.0,146.62,332.71,1,-1,-1,-1
19,2,1836.0,541.0,33.737,76.557,1,-1,-1,-1
19,3,1350.0,503.0,61.514,139.59,1,-1,-1,-1
19,4,-52.0,254.0,270.83,614.58,1,-1,-1,-1
19,5,1594.0,396.0,159.84,362.7,1,-1,-1,-1
20,1,1643.0,371.0,159.84,362.7,1,-1,-1,-1
20,2,1308.0,474.0,87.838,199.32,1,-1,-1,-1
20,3,1349.0,490.0,73.864,167.61,1,-1,-1,-1
20,4,-52.0,254.0,270.83,614.58,1,-1,-1,-1
20,5,1594.0,396.0,159.84,362.7,1,-1,-1,-1
21,1,1643.0,371.0,159.84,362.7,1,-1,-1,-1
21,2,1594.0,396.0,159.84,362.7,1,-1,-1,-1
21,3,1349.0,490.0,73.864,167.61,1,-1,-1,-1
21,4,-52.0,254.0,270.83,614.58,1,-1,-1,-1
21,5,1692.0,396.0,159.84,362.7,1,-1,-1,-1
22,1,1643.0,396.0,159.84,362.7,1,-1,-1,-1
22,2,1594.0,371.0,159.84,362.7,1,-1,-1,-1
22,3,1349.0,490.0,73.864,167.61,1,-1,-1,-1
22,4,-52.0,254.0,270.83,614.58,1,-1,-1,-1
22,5,1792.0,456.0,73.864,167.61,1,-1,-1,-1
23,1,1643.0,354.0,175.68,398.65,1,-1,-1,-1
23,2,1589.0,381.0,175.68,398.65,1,-1,-1,-1
23,3,1315.0,468.0,73.864,167.61,1,-1,-1,-1
23,4,-52.0,254.0,270.83,614.58,1,-1,-1,-1
23,5,1792.0,456.0,73.864,167.61,1,-1,-1,-1
24,1,1668.0,371.0,159.84,362.7,1,-1,-1,-1
24,2,1619.0,396.0,159.84,362.7,1,-1,-1,-1
24,3,1326.0,479.0,73.864,167.61,1,-1,-1,-1
24,4,-52.0,254.0,270.83,614.58,1,-1,-1,-1
24,5,1804.0,475.0,61.514,139.59,1,-1,-1,-1
25,1,1668.0,371.0,159.84,362.7,1,-1,-1,-1
25,2,1619.0,396.0,159.84,362.7,1,-1,-1,-1
25,3,1326.0,479.0,73.864,167.61,1,-1,-1,-1
25,4,-10.0,254.0,270.83,614.58,1,-1,-1,-1
25,5,1843.0,357.0,79.918,181.35,1,-1,-1,-1
26,1,1668.0,371.0,159.84,362.7,1,-1,-1,-1
26,2,1619.0,396.0,159.84,362.7,1,-1,-1,-1
26,3,1326.0,479.0,73.864,167.61,1,-1,-1,-1
26,4,-52.0,254.0,270.83,614.58,1,-1,-1,-1
26,5,1843.0,357.0,79.918,181.35,1,-1,-1,-1
27,1,1670.0,381.0,175.68,398.65,1,-1,-1,-1
27,2,1616.0,354.0,175.68,398.65,1,-1,-1,-1
27,3,1326.0,479.0,73.864,167.61,1,-1,-1,-1
27,4,1349.0,490.0,73.864,167.61,1,-1,-1,-1
27,5,107.0,565.0,146.62,332.71,1,-1,-1,-1
28,1,1798.0,489.0,52.0,118.0,1,-1,-1,-1
28,2,1616.0,354.0,175.68,398.65,1,-1,-1,-1
28,3,1308.0,461.0,87.838,199.32,1,-1,-1,-1
28,4,1349.0,490.0,73.864,167.61,1,-1,-1,-1
28,5,31.0,254.0,270.83,614.58,1,-1,-1,-1
29,1,1689.0,430.0,146.62,332.71,1,-1,-1,-1
29,2,1619.0,371.0,159.84,362.7,1,-1,-1,-1
29,3,1308.0,461.0,87.838,199.32,1,-1,-1,-1
29,4,1349.0,490.0,73.864,167.61,1,-1,-1,-1
29,5,31.0,254.0,270.83,614.58,1,-1,-1,-1
30,1,1757.0,513.0,61.514,139.59,1,-1,-1,-1
30,2,1616.0,354.0,175.68,398.65,1,-1,-1,-1
30,3,1281.0,431.0,103.17,234.13,1,-1,-1,-1
30,4,1339.0,480.0,79.918,181.35,1,-1,-1,-1
30,5,31.0,254.0,270.83,614.58,1,-1,-1,-1
31,1,1815.0,549.0,26.0,59.0,1,-1,-1,-1
31,2,1616.0,354.0,175.68,398.65,1,-1,-1,-1
31,3,1326.0,479.0,73.864,167.61,1,-1,-1,-1
31,4,1873.0,374.0,36.723,83.333,1,-1,-1,-1
31,5,31.0,254.0,270.83,614.58,1,-1,-1,-1
32,1,1689.0,430.0,146.62,332.71,1,-1,-1,-1
32,2,1619.0,396.0,159.84,362.7,1,-1,-1,-1
32,3,1308.0,461.0,87.838,199.32,1,-1,-1,-1
32,4,1752.0,290.0,207.45,470.74,1,-1,-1,-1
32,5,1349.0,490.0,73.864,167.61,1,-1,-1,-1
33,1,1692.0,420.0,159.84,362.7,1,-1,-1,-1
33,2,1616.0,354.0,175.68,398.65,1,-1,-1,-1
33,3,1295.0,461.0,87.838,199.32,1,-1,-1,-1
33,4,1339.0,480.0,79.918,181.35,1,-1,-1,-1
33,5,73.0,254.0,270.83,614.58,1,-1,-1,-1
34,1,1692.0,396.0,159.84,362.7,1,-1,-1,-1
34,2,1616.0,354.0,175.68,398.65,1,-1,-1,-1
34,3,1308.0,461.0,87.838,199.32,1,-1,-1,-1
34,4,1752.0,290.0,207.45,470.74,1,-1,-1,-1
34,5,73.0,254.0,270.83,614.58,1,-1,-1,-1
35,1,1670.0,381.0,175.68,398.65,1,-1,-1,-1
35,2,1616.0,354.0,175.68,398.65,1,-1,-1,-1
35,3,1308.0,461.0,87.838,199.32,1,-1,-1,-1
35,4,1349.0,490.0,73.864,167.61,1,-1,-1,-1
35,5,135.0,647.0,113.37,257.27,1,-1,-1,-1
36,1,1670.0,381.0,175.68,398.65,1,-1,-1,-1
36,2,1616.0,354.0,175.68,398.65,1,-1,-1,-1
36,3,1308.0,461.0,87.838,199.32,1,-1,-1,-1
36,4,1752.0,290.0,207.45,470.74,1,-1,-1,-1
36,5,1349.0,490.0,73.864,167.61,1,-1,-1,-1
37,1,1670.0,381.0,175.68,398.65,1,-1,-1,-1
37,2,1616.0,354.0,175.68,398.65,1,-1,-1,-1
37,3,1310.0,545.0,52.0,118.0,1,-1,-1,-1
37,4,1752.0,290.0,207.45,470.74,1,-1,-1,-1
37,5,1332.0,463.0,33.737,76.557,1,-1,-1,-1
38,1,1670.0,381.0,175.68,398.65,1,-1,-1,-1
38,2,1616.0,354.0,175.68,398.65,1,-1,-1,-1
38,3,1308.0,461.0,87.838,199.32,1,-1,-1,-1
38,4,1752.0,290.0,207.45,470.74,1,-1,-1,-1
38,5,155.0,669.0,103.17,234.13,1,-1,-1,-1
39,1,1752.0,290.0,207.45,470.74,1,-1,-1,-1
39,2,1616.0,381.0,175.68,398.65,1,-1,-1,-1
39,3,1308.0,461.0,87.838,199.32,1,-1,-1,-1
39,4,1349.0,490.0,73.864,167.61,1,-1,-1,-1
39,5,100.0,490.0,113.37,257.27,1,-1,-1,-1
40,1,1752.0,290.0,207.45,470.74,1,-1,-1,-1
40,2,1622.0,354.0,189.32,429.61,1,-1,-1,-1
40,3,1310.0,545.0,52.0,118.0,1,-1,-1,-1
40,4,1349.0,490.0,73.864,167.61,1,-1,-1,-1
40,5,329.0,543.0,135.42,307.29,1,-1,-1,-1
41,1,1752.0,290.0,207.45,470.74,1,-1,-1,-1
41,2,1622.0,354.0,189.32,429.61,1,-1,-1,-1
41,3,1310.0,545.0,52.0,118.0,1,-1,-1,-1
41,4,1349.0,490.0,73.864,167.61,1,-1,-1,-1
41,5,333.0,543.0,146.62,332.71,1,-1,-1,-1
42,1,1752.0,290.0,207.45,470.74,1,-1,-1,-1
42,2,1622.0,354.0,189.32,429.61,1,-1,-1,-1
42,3,1308.0,461.0,87.838,199.32,1,-1,-1,-1
42,4,1349.0,490.0,73.864,167.61,1,-1,-1,-1
42,5,236.0,248.0,226.74,514.53,1,-1,-1,-1
43,1,1752.0,290.0,207.45,470.74,1,-1,-1,-1
43,2,1616.0,381.0,175.68,398.65,1,-1,-1,-1
43,3,1310.0,537.0,52.0,118.0,1,-1,-1,-1
43,4,1349.0,490.0,73.864,167.61,1,-1,-1,-1
43,5,259.0,275.0,250.0,567.31,1,-1,-1,-1
44,1,1737.0,283.0,226.74,514.53,1,-1,-1,-1
44,2,1593.0,354.0,189.32,429.61,1,-1,-1,-1
44,3,1349.0,490.0,73.864,167.61,1,-1,-1,-1
44,4,1308.0,461.0,87.838,199.32,1,-1,-1,-1
44,5,497.0,515.0,33.737,76.557,1,-1,-1,-1
45,1,1752.0,290.0,207.45,470.74,1,-1,-1,-1
45,2,1622.0,354.0,189.32,429.61,1,-1,-1,-1
45,3,1349.0,490.0,73.864,167.61,1,-1,-1,-1
45,4,1315.0,545.0,47.794,108.46,1,-1,-1,-1
45,5,1564.0,325.0,189.32,429.61,1,-1,-1,-1
46,1,1752.0,290.0,207.45,470.74,1,-1,-1,-1
46,2,1593.0,354.0,189.32,429.61,1,-1,-1,-1
46,3,1349.0,490.0,73.864,167.61,1,-1,-1,-1
46,4,1670.0,381.0,175.68,398.65,1,-1,-1,-1
46,5,512.0,494.0,33.737,76.557,1,-1,-1,-1
47,1,1737.0,283.0,226.74,514.53,1,-1,-1,-1
47,2,1593.0,354.0,189.32,429.61,1,-1,-1,-1
47,3,1349.0,490.0,73.864,167.61,1,-1,-1,-1
47,4,1378.0,510.0,67.474,153.11,1,-1,-1,-1
47,5,338.0,519.0,159.84,362.7,1,-1,-1,-1
48,1,1737.0,283.0,226.74,514.53,1,-1,-1,-1
48,2,1593.0,354.0,189.32,429.61,1,-1,-1,-1
48,3,1349.0,490.0,73.864,167.61,1,-1,-1,-1
48,4,1308.0,461.0,87.838,199.32,1,-1,-1,-1
48,5,1670.0,354.0,175.68,398.65,1,-1,-1,-1
49,1,1752.0,290.0,207.45,470.74,1,-1,-1,-1
49,2,1593.0,354.0,189.32,429.61,1,-1,-1,-1
49,3,1349.0,490.0,73.864,167.61,1,-1,-1,-1
49,4,1308.0,461.0,87.838,199.32,1,-1,-1,-1
49,5,1670.0,354.0,175.68,398.65,1,-1,-1,-1
50,1,1737.0,283.0,226.74,514.53,1,-1,-1,-1
50,2,1593.0,354.0,189.32,429.61,1,-1,-1,-1
50,3,1349.0,490.0,73.864,167.61,1,-1,-1,-1
50,4,1315.0,545.0,47.794,108.46,1,-1,-1,-1
50,5,1670.0,381.0,175.68,398.65,1,-1,-1,-1
51,1,1737.0,283.0,226.74,514.53,1,-1,-1,-1
51,2,1564.0,354.0,189.32,429.61,1,-1,-1,-1
51,3,1349.0,490.0,73.864,167.61,1,-1,-1,-1
51,4,1308.0,461.0,87.838,199.32,1,-1,-1,-1
51,5,1643.0,381.0,175.68,398.65,1,-1,-1,-1
52,1,1737.0,283.0,226.74,514.53,1,-1,-1,-1
52,2,1593.0,354.0,189.32,429.61,1,-1,-1,-1
52,3,1349.0,490.0,73.864,167.61,1,-1,-1,-1
52,4,1315.0,545.0,47.794,108.46,1,-1,-1,-1
52,5,1670.0,381.0,175.68,398.65,1,-1,-1,-1
53,1,1737.0,283.0,226.74,514.53,1,-1,-1,-1
53,2,1593.0,354.0,189.32,429.61,1,-1,-1,-1
53,3,1349.0,490.0,73.864,167.61,1,-1,-1,-1
53,4,1315.0,545.0,47.794,108.46,1,-1,-1,-1
53,5,1651.0,383.0,189.32,429.61,1,-1,-1,-1
54,1,1737.0,283.0,226.74,514.53,1,-1,-1,-1
54,2,1593.0,354.0,189.32,429.61,1,-1,-1,-1
54,3,1349.0,490.0,73.864,167.61,1,-1,-1,-1
54,4,1308.0,461.0,87.838,199.32,1,-1,-1,-1
54,5,1651.0,383.0,189.32,429.61,1,-1,-1,-1
55,1,1737.0,283.0,226.74,514.53,1,-1,-1,-1
55,2,1622.0,354.0,189.32,429.61,1,-1,-1,-1
55,3,1349.0,490.0,73.864,167.61,1,-1,-1,-1
55,4,1308.0,461.0,87.838,199.32,1,-1,-1,-1
55,5,1528.0,322.0,207.45,470.74,1,-1,-1,-1
56,1,1702.0,283.0,226.74,514.53,1,-1,-1,-1
56,2,1564.0,354.0,189.32,429.61,1,-1,-1,-1
56,3,1349.0,490.0,73.864,167.61,1,-1,-1,-1
56,4,1308.0,461.0,87.838,199.32,1,-1,-1,-1
56,5,582.0,498.0,146.62,332.71,1,-1,-1,-1
57,1,1702.0,283.0,226.74,514.53,1,-1,-1,-1
57,2,1564.0,354.0,189.32,429.61,1,-1,-1,-1
57,3,1349.0,490.0,73.864,167.61,1,-1,-1,-1
57,4,1308.0,461.0,87.838,199.32,1,-1,-1,-1
57,5,579.0,522.0,135.42,307.29,1,-1,-1,-1
58,1,1737.0,283.0,226.74,514.53,1,-1,-1,-1
58,2,1593.0,354.0,189.32,429.61,1,-1,-1,-1
58,3,1349.0,490.0,73.864,167.61,1,-1,-1,-1
58,4,1308.0,461.0,87.838,199.32,1,-1,-1,-1
58,5,604.0,552.0,123.42,280.06,1,-1,-1,-1
59,1,1737.0,283.0,226.74,514.53,1,-1,-1,-1
59,2,1622.0,354.0,189.32,429.61,1,-1,-1,-1
59,3,1349.0,490.0,73.864,167.61,1,-1,-1,-1
59,4,1308.0,461.0,87.838,199.32,1,-1,-1,-1
59,5,1528.0,353.0,207.45,470.74,1,-1,-1,-1
60,1,1702.0,283.0,226.74,514.53,1,-1,-1,-1
60,2,1622.0,354.0,189.32,429.61,1,-1,-1,-1
60,3,1349.0,490.0,73.864,167.61,1,-1,-1,-1
60,4,1315.0,545.0,47.794,108.46,1,-1,-1,-1
60,5,1528.0,353.0,207.45,470.74,1,-1,-1,-1
61,1,1702.0,283.0,226.74,514.53,1,-1,-1,-1
61,2,1622.0,354.0,189.32,429.61,1,-1,-1,-1
61,3,1349.0,490.0,73.864,167.61,1,-1,-1,-1
61,4,1315.0,545.0,47.794,108.46,1,-1,-1,-1
61,5,393.0,463.0,103.17,234.13,1,-1,-1,-1
62,1,1702.0,283.0,226.74,514.53,1,-1,-1,-1
62,2,1622.0,354.0,189.32,429.61,1,-1,-1,-1
62,3,1349.0,490.0,73.864,167.61,1,-1,-1,-1
62,4,1315.0,545.0,47.794,108.46,1,-1,-1,-1
62,5,898.0,524.0,43.624,98.993,1,-1,-1,-1
63,1,1702.0,283.0,226.74,514.53,1,-1,-1,-1
63,2,1592.0,353.0,207.45,470.74,1,-1,-1,-1
63,3,1351.0,480.0,79.918,181.35,1,-1,-1,-1
63,4,1308.0,461.0,87.838,199.32,1,-1,-1,-1
63,5,566.0,236.0,250.0,567.31,1,-1,-1,-1
64,1,1702.0,283.0,226.74,514.53,1,-1,-1,-1
64,2,1592.0,353.0,207.45,470.74,1,-1,-1,-1
64,3,1349.0,490.0,73.864,167.61,1,-1,-1,-1
64,4,1308.0,461.0,87.838,199.32,1,-1,-1,-1
64,5,566.0,236.0,250.0,567.31,1,-1,-1,-1
65,1,1702.0,283.0,226.74,514.53,1,-1,-1,-1
65,2,1622.0,383.0,189.32,429.61,1,-1,-1,-1
65,3,1349.0,490.0,73.864,167.61,1,-1,-1,-1
65,4,1308.0,461.0,87.838,199.32,1,-1,-1,-1
65,5,393.0,447.0,103.17,234.13,1,-1,-1,-1
66,1,1680.0,236.0,250.0,567.31,1,-1,-1,-1
66,2,1592.0,353.0,207.45,470.74,1,-1,-1,-1
66,3,1349.0,490.0,73.864,167.61,1,-1,-1,-1
66,4,1308.0,461.0,87.838,199.32,1,-1,-1,-1
66,5,393.0,447.0,103.17,234.13,1,-1,-1,-1
67,1,1680.0,236.0,250.0,567.31,1,-1,-1,-1
67,2,1593.0,354.0,189.32,429.61,1,-1,-1,-1
67,3,1349.0,490.0,73.864,167.61,1,-1,-1,-1
67,4,1308.0,461.0,87.838,199.32,1,-1,-1,-1
67,5,1535.0,408.0,175.68,398.65,1,-1,-1,-1
68,1,1680.0,236.0,250.0,567.31,1,-1,-1,-1
68,2,1593.0,383.0,189.32,429.61,1,-1,-1,-1
68,3,806.0,689.0,52.0,118.0,1,-1,-1,-1
68,4,1349.0,490.0,73.864,167.61,1,-1,-1,-1
68,5,1535.0,354.0,189.32,429.61,1,-1,-1,-1
69,1,1680.0,236.0,250.0,567.31,1,-1,-1,-1
69,2,1603.0,275.0,250.0,567.31,1,-1,-1,-1
69,3,1528.0,353.0,207.45,470.74,1,-1,-1,-1
69,4,1349.0,490.0,73.864,167.61,1,-1,-1,-1
69,5,409.0,447.0,103.17,234.13,1,-1,-1,-1
70,1,1680.0,236.0,250.0,567.31,1,-1,-1,-1
70,2,1597.0,283.0,226.74,514.53,1,-1,-1,-1
70,3,1308.0,461.0,87.838,199.32,1,-1,-1,-1
70,4,1349.0,490.0,73.864,167.61,1,-1,-1,-1
70,5,704.0,721.0,47.794,108.46,1,-1,-1,-1
71,1,1680.0,236.0,250.0,567.31,1,-1,-1,-1
71,2,1560.0,322.0,207.45,470.74,1,-1,-1,-1
71,3,1295.0,461.0,87.838,199.32,1,-1,-1,-1
71,4,1339.0,480.0,79.918,181.35,1,-1,-1,-1
71,5,797.0,645.0,67.474,153.11,1,-1,-1,-1
72,1,1680.0,236.0,250.0,567.31,1,-1,-1,-1
72,2,1560.0,322.0,207.45,470.74,1,-1,-1,-1
72,3,757.0,705.0,43.624,98.993,1,-1,-1,-1
72,4,1349.0,490.0,73.864,167.61,1,-1,-1,-1
72,5,775.0,533.0,123.42,280.06,1,-1,-1,-1
73,1,1680.0,236.0,250.0,567.31,1,-1,-1,-1
73,2,1560.0,322.0,207.45,470.74,1,-1,-1,-1
73,3,1496.0,353.0,207.45,470.74,1,-1,-1,-1
73,4,1349.0,490.0,73.864,167.61,1,-1,-1,-1
73,5,728.0,258.0,207.45,470.74,1,-1,-1,-1
74,1,1680.0,236.0,250.0,567.31,1,-1,-1,-1
74,2,1603.0,275.0,250.0,567.31,1,-1,-1,-1
74,3,1310.0,545.0,52.0,118.0,1,-1,-1,-1
74,4,1349.0,490.0,73.864,167.61,1,-1,-1,-1
74,5,749.0,266.0,189.32,429.61,1,-1,-1,-1
75,1,1680.0,236.0,250.0,567.31,1,-1,-1,-1
75,2,1603.0,275.0,250.0,567.31,1,-1,-1,-1
75,3,1308.0,461.0,87.838,199.32,1,-1,-1,-1
75,4,1349.0,490.0,73.864,167.61,1,-1,-1,-1
75,5,788.0,293.0,135.42,307.29,1,-1,-1,-1
76,1,1680.0,236.0,250.0,567.31,1,-1,-1,-1
76,2,1603.0,275.0,250.0,567.31,1,-1,-1,-1
76,3,1310.0,545.0,52.0,118.0,1,-1,-1,-1
76,4,1339.0,480.0,79.918,181.35,1,-1,-1,-1
76,5,759.0,283.0,226.74,514.53,1,-1,-1,-1
77,1,1667.0,283.0,226.74,514.53,1,-1,-1,-1
77,2,1562.0,283.0,226.74,514.53,1,-1,-1,-1
77,3,1310.0,545.0,52.0,118.0,1,-1,-1,-1
77,4,1349.0,490.0,73.864,167.61,1,-1,-1,-1
77,5,889.0,514.0,123.42,280.06,1,-1,-1,-1
78,1,1667.0,283.0,226.74,514.53,1,-1,-1,-1
78,2,1562.0,283.0,226.74,514.53,1,-1,-1,-1
78,3,1310.0,545.0,52.0,118.0,1,-1,-1,-1
78,4,1339.0,480.0,79.918,181.35,1,-1,-1,-1
78,5,808.0,609.0,87.838,199.32,1,-1,-1,-1
79,1,1642.0,275.0,250.0,567.31,1,-1,-1,-1
79,2,1492.0,318.0,226.74,514.53,1,-1,-1,-1
79,3,1310.0,545.0,52.0,118.0,1,-1,-1,-1
79,4,1339.0,480.0,79.918,181.35,1,-1,-1,-1
79,5,809.0,615.0,79.918,181.35,1,-1,-1,-1
80,1,1642.0,275.0,250.0,567.31,1,-1,-1,-1
80,2,1492.0,318.0,226.74,514.53,1,-1,-1,-1
80,3,1310.0,545.0,52.0,118.0,1,-1,-1,-1
80,4,1349.0,490.0,73.864,167.61,1,-1,-1,-1
80,5,424.0,447.0,103.17,234.13,1,-1,-1,-1
81,1,1642.0,275.0,250.0,567.31,1,-1,-1,-1
81,2,1496.0,353.0,207.45,470.74,1,-1,-1,-1
81,3,1310.0,545.0,52.0,118.0,1,-1,-1,-1
81,4,1349.0,490.0,73.864,167.61,1,-1,-1,-1
81,5,424.0,447.0,103.17,234.13,1,-1,-1,-1
82,1,1642.0,275.0,250.0,567.31,1,-1,-1,-1
82,2,1458.0,318.0,226.74,514.53,1,-1,-1,-1
82,3,1310.0,545.0,52.0,118.0,1,-1,-1,-1
82,4,1349.0,490.0,73.864,167.61,1,-1,-1,-1
82,5,440.0,447.0,103.17,234.13,1,-1,-1,-1
83,1,1680.0,275.0,250.0,567.31,1,-1,-1,-1
83,2,1458.0,318.0,226.74,514.53,1,-1,-1,-1
83,3,1310.0,545.0,52.0,118.0,1,-1,-1,-1
83,4,1339.0,480.0,79.918,181.35,1,-1,-1,-1
83,5,432.0,438.0,113.37,257.27,1,-1,-1,-1
84,1,1656.0,258.0,207.45,470.74,1,-1,-1,-1
84,2,1458.0,318.0,226.74,514.53,1,-1,-1,-1
84,3,1310.0,545.0,52.0,118.0,1,-1,-1,-1
84,4,1339.0,480.0,79.918,181.35,1,-1,-1,-1
84,5,440.0,447.0,103.17,234.13,1,-1,-1,-1
85,1,1656.0,258.0,207.45,470.74,1,-1,-1,-1
85,2,1464.0,353.0,207.45,470.74,1,-1,-1,-1
85,3,1310.0,545.0,52.0,118.0,1,-1,-1,-1
85,4,1339.0,480.0,79.918,181.35,1,-1,-1,-1
85,5,432.0,438.0,113.37,257.27,1,-1,-1,-1
86,1,1656.0,258.0,207.45,470.74,1,-1,-1,-1
86,2,1458.0,318.0,226.74,514.53,1,-1,-1,-1
86,3,1310.0,545.0,52.0,118.0,1,-1,-1,-1
86,4,1349.0,490.0,73.864,167.61,1,-1,-1,-1
86,5,440.0,447.0,103.17,234.13,1,-1,-1,-1
87,1,1656.0,258.0,207.45,470.74,1,-1,-1,-1
87,2,1458.0,318.0,226.74,514.53,1,-1,-1,-1
87,3,1310.0,545.0,52.0,118.0,1,-1,-1,-1
87,4,1349.0,490.0,73.864,167.61,1,-1,-1,-1
87,5,440.0,447.0,103.17,234.13,1,-1,-1,-1
88,1,1656.0,258.0,207.45,470.74,1,-1,-1,-1
88,2,1458.0,318.0,226.74,514.53,1,-1,-1,-1
88,3,1310.0,545.0,52.0,118.0,1,-1,-1,-1
88,4,1349.0,490.0,73.864,167.61,1,-1,-1,-1
88,5,302.0,469.0,94.66,214.81,1,-1,-1,-1
89,1,1656.0,258.0,207.45,470.74,1,-1,-1,-1
89,2,1432.0,353.0,207.45,470.74,1,-1,-1,-1
89,3,1310.0,545.0,52.0,118.0,1,-1,-1,-1
89,4,1349.0,490.0,73.864,167.61,1,-1,-1,-1
89,5,302.0,469.0,94.66,214.81,1,-1,-1,-1
90,1,1617.0,254.0,270.83,614.58,1,-1,-1,-1
90,2,1423.0,353.0,226.74,514.53,1,-1,-1,-1
90,3,1310.0,545.0,52.0,118.0,1,-1,-1,-1
90,4,1339.0,480.0,79.918,181.35,1,-1,-1,-1
90,5,313.0,463.0,103.17,234.13,1,-1,-1,-1
91,1,1617.0,254.0,270.83,614.58,1,-1,-1,-1
91,2,1388.0,318.0,226.74,514.53,1,-1,-1,-1
91,3,1310.0,545.0,52.0,118.0,1,-1,-1,-1
91,4,1339.0,480.0,79.918,181.35,1,-1,-1,-1
91,5,313.0,463.0,103.17,234.13,1,-1,-1,-1
92,1,1617.0,254.0,270.83,614.58,1,-1,-1,-1
92,2,1418.0,412.0,189.32,429.61,1,-1,-1,-1
92,3,1310.0,545.0,52.0,118.0,1,-1,-1,-1
92,4,1339.0,480.0,79.918,181.35,1,-1,-1,-1
92,5,952.0,290.0,207.45,470.74,1,-1,-1,-1
93,1,1576.0,254.0,270.83,614.58,1,-1,-1,-1
93,2,1432.0,385.0,207.45,470.74,1,-1,-1,-1
93,3,1310.0,545.0,52.0,118.0,1,-1,-1,-1
93,4,1326.0,468.0,79.918,181.35,1,-1,-1,-1
93,5,449.0,438.0,113.37,257.27,1,-1,-1,-1
94,1,1617.0,254.0,270.83,614.58,1,-1,-1,-1
94,2,1440.0,520.0,146.62,332.71,1,-1,-1,-1
94,3,1454.0,345.0,52.0,118.0,1,-1,-1,-1
94,4,1366.0,545.0,47.794,108.46,1,-1,-1,-1
94,5,449.0,438.0,113.37,257.27,1,-1,-1,-1
95,1,1617.0,254.0,270.83,614.58,1,-1,-1,-1
95,2,1440.0,520.0,146.62,332.71,1,-1,-1,-1
95,3,984.0,290.0,207.45,470.74,1,-1,-1,-1
95,4,1366.0,552.0,47.794,108.46,1,-1,-1,-1
95,5,449.0,438.0,113.37,257.27,1,-1,-1,-1
96,1,1576.0,254.0,270.83,614.58,1,-1,-1,-1
96,2,1400.0,385.0,207.45,470.74,1,-1,-1,-1
96,3,1011.0,325.0,189.32,429.61,1,-1,-1,-1
96,4,1310.0,545.0,52.0,118.0,1,-1,-1,-1
96,5,449.0,438.0,113.37,257.27,1,-1,-1,-1
97,1,1576.0,254.0,270.83,614.58,1,-1,-1,-1
97,2,1400.0,385.0,207.45,470.74,1,-1,-1,-1
97,3,1028.0,322.0,159.84,362.7,1,-1,-1,-1
97,4,1310.0,545.0,52.0,118.0,1,-1,-1,-1
97,5,467.0,420.0,113.37,257.27,1,-1,-1,-1
98,1,1576.0,254.0,270.83,614.58,1,-1,-1,-1
98,2,1400.0,385.0,207.45,470.74,1,-1,-1,-1
98,3,1048.0,300.0,175.68,398.65,1,-1,-1,-1
98,4,1368.0,524.0,56.686,128.63,1,-1,-1,-1
98,5,467.0,438.0,113.37,257.27,1,-1,-1,-1
99,1,1576.0,254.0,270.83,614.58,1,-1,-1,-1
99,2,1400.0,417.0,207.45,470.74,1,-1,-1,-1
99,3,1087.0,542.0,94.66,214.81,1,-1,-1,-1
99,4,1358.0,545.0,52.0,118.0,1,-1,-1,-1
99,5,467.0,438.0,113.37,257.27,1,-1,-1,-1
100,1,1576.0,254.0,270.83,614.58,1,-1,-1,-1
100,2,1400.0,417.0,207.45,470.74,1,-1,-1,-1
100,3,1091.0,526.0,103.17,234.13,1,-1,-1,-1
100,4,1359.0,532.0,56.686,128.63,1,-1,-1,-1
100,5,467.0,438.0,113.37,257.27,1,-1,-1,-1
101,1,1576.0,254.0,270.83,614.58,1,-1,-1,-1
101,2,1368.0,417.0,207.45,470.74,1,-1,-1,-1
101,3,1048.0,290.0,207.45,470.74,1,-1,-1,-1
101,4,1310.0,545.0,52.0,118.0,1,-1,-1,-1
101,5,467.0,438.0,113.37,257.27,1,-1,-1,-1
102,1,1576.0,254.0,270.83,614.58,1,-1,-1,-1
102,2,1368.0,417.0,207.45,470.74,1,-1,-1,-1
102,3,1048.0,290.0,207.45,470.74,1,-1,-1,-1
102,4,1310.0,545.0,52.0,118.0,1,-1,-1,-1
102,5,472.0,431.0,103.17,234.13,1,-1,-1,-1
103,1,1534.0,213.0,270.83,614.58,1,-1,-1,-1
103,2,1353.0,353.0,226.74,514.53,1,-1,-1,-1
103,3,1189.0,532.0,61.514,139.59,1,-1,-1,-1
103,4,1310.0,545.0,52.0,118.0,1,-1,-1,-1
103,5,472.0,431.0,103.17,234.13,1,-1,-1,-1
104,1,1534.0,213.0,270.83,614.58,1,-1,-1,-1
104,2,1334.0,313.0,250.0,567.31,1,-1,-1,-1
104,3,1069.0,325.0,189.32,429.61,1,-1,-1,-1
104,4,1310.0,545.0,52.0,118.0,1,-1,-1,-1
104,5,467.0,420.0,113.37,257.27,1,-1,-1,-1
105,1,1534.0,213.0,270.83,614.58,1,-1,-1,-1
105,2,1353.0,353.0,226.74,514.53,1,-1,-1,-1
105,3,1680.0,471.0,189.32,429.61,1,-1,-1,-1
105,4,1310.0,545.0,52.0,118.0,1,-1,-1,-1
105,5,467.0,438.0,113.37,257.27,1,-1,-1,-1
106,1,1534.0,213.0,270.83,614.58,1,-1,-1,-1
106,2,1334.0,313.0,250.0,567.31,1,-1,-1,-1
106,3,329.0,463.0,103.17,234.13,1,-1,-1,-1
106,4,1310.0,545.0,52.0,118.0,1,-1,-1,-1
106,5,467.0,438.0,113.37,257.27,1,-1,-1,-1
107,1,1534.0,213.0,270.83,614.58,1,-1,-1,-1
107,2,1336.0,417.0,207.45,470.74,1,-1,-1,-1
107,3,1125.0,670.0,33.737,76.557,1,-1,-1,-1
107,4,1315.0,552.0,47.794,108.46,1,-1,-1,-1
107,5,467.0,438.0,113.37,257.27,1,-1,-1,-1
108,1,1534.0,213.0,270.83,614.58,1,-1,-1,-1
108,2,1348.0,519.0,159.84,362.7,1,-1,-1,-1
108,3,1632.0,422.0,226.74,514.53,1,-1,-1,-1
108,4,1164.0,335.0,135.42,307.29,1,-1,-1,-1
108,5,467.0,438.0,113.37,257.27,1,-1,-1,-1
109,1,1526.0,198.0,250.0,567.31,1,-1,-1,-1
109,2,1348.0,519.0,159.84,362.7,1,-1,-1,-1
109,3,1622.0,500.0,189.32,429.61,1,-1,-1,-1
109,4,1164.0,335.0,135.42,307.29,1,-1,-1,-1
109,5,467.0,438.0,113.37,257.27,1,-1,-1,-1
110,1,1526.0,236.0,250.0,567.31,1,-1,-1,-1
110,2,1348.0,519.0,159.84,362.7,1,-1,-1,-1
110,3,1622.0,500.0,189.32,429.61,1,-1,-1,-1
110,4,1156.0,327.0,175.68,398.65,1,-1,-1,-1
110,5,467.0,438.0,113.37,257.27,1,-1,-1,-1
111,1,1527.0,248.0,226.74,514.53,1,-1,-1,-1
111,2,1296.0,313.0,250.0,567.31,1,-1,-1,-1
111,3,1616.0,516.0,175.68,398.65,1,-1,-1,-1
111,4,1169.0,318.0,146.62,332.71,1,-1,-1,-1
111,5,451.0,419.0,123.42,280.06,1,-1,-1,-1
112,1,1527.0,248.0,226.74,514.53,1,-1,-1,-1
112,2,1304.0,417.0,207.45,470.74,1,-1,-1,-1
112,3,1619.0,543.0,159.84,362.7,1,-1,-1,-1
112,4,1184.0,335.0,135.42,307.29,1,-1,-1,-1
112,5,451.0,419.0,123.42,280.06,1,-1,-1,-1
113,1,1526.0,236.0,250.0,567.31,1,-1,-1,-1
113,2,1242.0,296.0,270.83,614.58,1,-1,-1,-1
113,3,1592.0,512.0,207.45,470.74,1,-1,-1,-1
113,4,1184.0,335.0,135.42,307.29,1,-1,-1,-1
113,5,451.0,419.0,123.42,280.06,1,-1,-1,-1
114,1,1492.0,213.0,270.83,614.58,1,-1,-1,-1
114,2,1242.0,296.0,270.83,614.58,1,-1,-1,-1
114,3,1714.0,407.0,87.838,199.32,1,-1,-1,-1
114,5,451.0,419.0,123.42,280.06,1,-1,-1,-1
115,1,1492.0,213.0,270.83,614.58,1,-1,-1,-1
115,2,1242.0,296.0,270.83,614.58,1,-1,-1,-1
115,3,1851.0,517.0,26.0,59.0,1,-1,-1,-1
115,4,1175.0,322.0,159.84,362.7,1,-1,-1,-1
115,5,451.0,419.0,123.42,280.06,1,-1,-1,-1
116,1,1492.0,213.0,270.83,614.58,1,-1,-1,-1
116,2,1219.0,313.0,250.0,567.31,1,-1,-1,-1
116,3,381.0,562.0,67.474,153.11,1,-1,-1,-1
116,4,1142.0,352.0,250.0,567.31,1,-1,-1,-1
116,5,451.0,419.0,123.42,280.06,1,-1,-1,-1
117,1,1492.0,213.0,270.83,614.58,1,-1,-1,-1
117,2,1200.0,296.0,270.83,614.58,1,-1,-1,-1
117,3,1849.0,510.0,28.302,64.224,1,-1,-1,-1
117,4,381.0,562.0,67.474,153.11,1,-1,-1,-1
117,5,451.0,419.0,123.42,280.06,1,-1,-1,-1
118,1,1492.0,213.0,270.83,614.58,1,-1,-1,-1
118,2,1200.0,296.0,270.83,614.58,1,-1,-1,-1
118,3,963.0,552.0,67.474,153.11,1,-1,-1,-1
118,4,107.0,510.0,103.17,234.13,1,-1,-1,-1
118,5,451.0,419.0,123.42,280.06,1,-1,-1,-1
119,1,1488.0,198.0,250.0,567.31,1,-1,-1,-1
119,2,1181.0,313.0,250.0,567.31,1,-1,-1,-1
119,3,1304.0,417.0,207.45,470.74,1,-1,-1,-1
119,4,107.0,510.0,103.17,234.13,1,-1,-1,-1
119,5,451.0,419.0,123.42,280.06,1,-1,-1,-1
120,1,1488.0,198.0,250.0,567.31,1,-1,-1,-1
120,2,1181.0,313.0,250.0,567.31,1,-1,-1,-1
120,3,1304.0,417.0,207.45,470.74,1,-1,-1,-1
120,4,107.0,510.0,103.17,234.13,1,-1,-1,-1
120,5,451.0,419.0,123.42,280.06,1,-1,-1,-1
121,1,1492.0,213.0,226.74,514.53,1,-1,-1,-1
121,2,1158.0,296.0,270.83,614.58,1,-1,-1,-1
121,3,1283.0,388.0,226.74,514.53,1,-1,-1,-1
121,4,13.0,490.0,113.37,257.27,1,-1,-1,-1
121,5,451.0,419.0,123.42,280.06,1,-1,-1,-1
122,1,1450.0,198.0,250.0,567.31,1,-1,-1,-1
122,2,1158.0,296.0,270.83,614.58,1,-1,-1,-1
122,3,1283.0,388.0,226.74,514.53,1,-1,-1,-1
122,4,1684.0,396.0,94.66,214.81,1,-1,-1,-1
122,5,451.0,419.0,123.42,280.06,1,-1,-1,-1
123,1,1450.0,171.0,270.83,614.58,1,-1,-1,-1
123,2,1158.0,296.0,270.83,614.58,1,-1,-1,-1
123,3,1520.0,568.0,159.84,362.7,1,-1,-1,-1
123,4,1684.0,396.0,94.66,214.81,1,-1,-1,-1
123,5,451.0,419.0,123.42,280.06,1,-1,-1,-1
124,1,1450.0,198.0,250.0,567.31,1,-1,-1,-1
124,2,1158.0,296.0,270.83,614.58,1,-1,-1,-1
124,3,1242.0,338.0,270.83,614.58,1,-1,-1,-1
124,4,963.0,536.0,73.864,167.61,1,-1,-1,-1
124,5,449.0,420.0,113.37,257.27,1,-1,-1,-1
125,1,1450.0,198.0,250.0,567.31,1,-1,-1,-1
125,2,1156.0,543.0,175.68,398.65,1,-1,-1,-1
125,3,1215.0,500.0,189.32,429.61,1,-1,-1,-1
125,4,100.0,490.0,113.37,257.27,1,-1,-1,-1
125,5,1509.0,732.0,94.66,214.81,1,-1,-1,-1
126,1,1450.0,171.0,270.83,614.58,1,-1,-1,-1
126,2,1156.0,543.0,175.68,398.65,1,-1,-1,-1
126,3,1215.0,500.0,189.32,429.61,1,-1,-1,-1
126,4,449.0,420.0,113.37,257.27,1,-1,-1,-1
126,5,963.0,547.0,73.864,167.61,1,-1,-1,-1
127,1,1450.0,171.0,270.83,614.58,1,-1,-1,-1
127,2,432.0,419.0,123.42,280.06,1,-1,-1,-1
127,3,1158.0,338.0,270.83,614.58,1,-1,-1,-1
127,4,100.0,473.0,113.37,257.27,1,-1,-1,-1
127,5,329.0,478.0,103.17,234.13,1,-1,-1,-1
128,1,1409.0,171.0,270.83,614.58,1,-1,-1,-1
128,2,449.0,420.0,113.37,257.27,1,-1,-1,-1
128,3,1117.0,338.0,270.83,614.58,1,-1,-1,-1
128,4,327.0,438.0,113.37,257.27,1,-1,-1,-1
128,5,107.0,494.0,103.17,234.13,1,-1,-1,-1
129,1,1450.0,159.0,250.0,567.31,1,-1,-1,-1
129,2,100.0,490.0,113.37,257.27,1,-1,-1,-1
129,3,1158.0,338.0,270.83,614.58,1,-1,-1,-1
129,4,318.0,438.0,123.42,280.06,1,-1,-1,-1
129,5,432.0,400.0,123.42,280.06,1,-1,-1,-1
130,1,1481.0,570.0,175.68,398.65,1,-1,-1,-1
130,2,327.0,455.0,113.37,257.27,1,-1,-1,-1
130,3,1158.0,338.0,270.83,614.58,1,-1,-1,-1
130,4,1643.0,273.0,146.62,332.71,1,-1,-1,-1
130,5,432.0,419.0,123.42,280.06,1,-1,-1,-1
131,1,1409.0,213.0,270.83,614.58,1,-1,-1,-1
131,2,91.0,510.0,103.17,234.13,1,-1,-1,-1
131,3,1158.0,338.0,270.83,614.58,1,-1,-1,-1
131,4,318.0,438.0,123.42,280.06,1,-1,-1,-1
131,5,432.0,419.0,123.42,280.06,1,-1,-1,-1
132,1,1409.0,213.0,270.83,614.58,1,-1,-1,-1
132,2,318.0,438.0,123.42,280.06,1,-1,-1,-1
132,3,1142.0,391.0,250.0,567.31,1,-1,-1,-1
132,4,1567.0,717.0,103.17,234.13,1,-1,-1,-1
132,5,432.0,400.0,123.42,280.06,1,-1,-1,-1
133,1,1367.0,213.0,270.83,614.58,1,-1,-1,-1
133,2,1695.0,419.0,79.918,181.35,1,-1,-1,-1
133,3,1142.0,391.0,250.0,567.31,1,-1,-1,-1
133,4,318.0,438.0,123.42,280.06,1,-1,-1,-1
133,5,433.0,397.0,135.42,307.29,1,-1,-1,-1
134,1,1367.0,171.0,270.83,614.58,1,-1,-1,-1
134,2,1395.0,610.0,146.62,332.71,1,-1,-1,-1
134,3,1142.0,429.0,250.0,567.31,1,-1,-1,-1
134,4,318.0,438.0,123.42,280.06,1,-1,-1,-1
134,5,432.0,400.0,123.42,280.06,1,-1,-1,-1
135,1,1367.0,171.0,270.83,614.58,1,-1,-1,-1
135,2,1074.0,492.0,226.74,514.53,1,-1,-1,-1
135,3,1142.0,391.0,250.0,567.31,1,-1,-1,-1
135,4,318.0,438.0,123.42,280.06,1,-1,-1,-1
135,5,432.0,400.0,123.42,280.06,1,-1,-1,-1
136,1,1325.0,171.0,270.83,614.58,1,-1,-1,-1
136,2,1075.0,379.0,270.83,614.58,1,-1,-1,-1
136,3,1395.0,610.0,146.62,332.71,1,-1,-1,-1
136,4,432.0,400.0,123.42,280.06,1,-1,-1,-1
136,5,318.0,438.0,123.42,280.06,1,-1,-1,-1
137,1,1325.0,171.0,270.83,614.58,1,-1,-1,-1
137,2,1129.0,597.0,175.68,398.65,1,-1,-1,-1
137,3,1395.0,610.0,146.62,332.71,1,-1,-1,-1
137,4,433.0,397.0,135.42,307.29,1,-1,-1,-1
137,5,327.0,438.0,113.37,257.27,1,-1,-1,-1
138,1,1325.0,171.0,270.83,614.58,1,-1,-1,-1
138,2,1075.0,379.0,270.83,614.58,1,-1,-1,-1
138,3,1372.0,592.0,159.84,362.7,1,-1,-1,-1
138,4,433.0,397.0,135.42,307.29,1,-1,-1,-1
138,5,1535.0,701.0,103.17,234.13,1,-1,-1,-1
139,1,1325.0,171.0,270.83,614.58,1,-1,-1,-1
139,2,1108.0,492.0,226.74,514.53,1,-1,-1,-1
139,3,1372.0,610.0,146.62,332.71,1,-1,-1,-1
139,4,318.0,438.0,123.42,280.06,1,-1,-1,-1
139,5,433.0,397.0,135.42,307.29,1,-1,-1,-1
140,1,1325.0,171.0,270.83,614.58,1,-1,-1,-1
140,2,1368.0,512.0,207.45,470.74,1,-1,-1,-1
140,3,1849.0,510.0,28.302,64.224,1,-1,-1,-1
140,4,308.0,418.0,135.42,307.29,1,-1,-1,-1
140,5,432.0,400.0,123.42,280.06,1,-1,-1,-1
141,1,1325.0,171.0,270.83,614.58,1,-1,-1,-1
141,2,1400.0,512.0,207.45,470.74,1,-1,-1,-1
141,3,1684.0,396.0,94.66,214.81,1,-1,-1,-1
141,4,318.0,419.0,123.42,280.06,1,-1,-1,-1
141,5,1074.0,492.0,226.74,514.53,1,-1,-1,-1
142,1,1284.0,171.0,270.83,614.58,1,-1,-1,-1
142,2,1400.0,512.0,207.45,470.74,1,-1,-1,-1
142,3,1684.0,396.0,94.66,214.81,1,-1,-1,-1
142,4,308.0,418.0,135.42,307.29,1,-1,-1,-1
142,5,972.0,560.0,61.514,139.59,1,-1,-1,-1
143,1,1284.0,171.0,270.83,614.58,1,-1,-1,-1
143,2,1368.0,544.0,207.45,470.74,1,-1,-1,-1
143,3,1800.0,521.0,36.723,83.333,1,-1,-1,-1
143,4,308.0,418.0,135.42,307.29,1,-1,-1,-1
143,5,989.0,429.0,250.0,567.31,1,-1,-1,-1
144,1,1284.0,171.0,270.83,614.58,1,-1,-1,-1
144,2,1368.0,544.0,207.45,470.74,1,-1,-1,-1
144,3,1851.0,513.0,26.0,59.0,1,-1,-1,-1
144,4,308.0,418.0,135.42,307.29,1,-1,-1,-1
144,5,1033.0,379.0,270.83,614.58,1,-1,-1,-1
145,1,1284.0,171.0,270.83,614.58,1,-1,-1,-1
145,2,1353.0,527.0,226.74,514.53,1,-1,-1,-1
145,3,1767.0,553.0,26.0,59.0,1,-1,-1,-1
145,4,308.0,418.0,135.42,307.29,1,-1,-1,-1
145,5,1033.0,379.0,270.83,614.58,1,-1,-1,-1
146,1,1284.0,171.0,270.83,614.58,1,-1,-1,-1
146,2,432.0,400.0,123.42,280.06,1,-1,-1,-1
146,3,1767.0,553.0,26.0,59.0,1,-1,-1,-1
146,4,308.0,418.0,135.42,307.29,1,-1,-1,-1
146,5,1027.0,429.0,250.0,567.31,1,-1,-1,-1
147,1,1284.0,171.0,270.83,614.58,1,-1,-1,-1
147,2,908.0,379.0,270.83,614.58,1,-1,-1,-1
147,3,432.0,400.0,123.42,280.06,1,-1,-1,-1
147,4,308.0,418.0,135.42,307.29,1,-1,-1,-1
147,5,1027.0,429.0,250.0,567.31,1,-1,-1,-1
148,1,1242.0,171.0,270.83,614.58,1,-1,-1,-1
148,2,991.0,379.0,270.83,614.58,1,-1,-1,-1
148,3,1810.0,533.0,30.903,70.127,1,-1,-1,-1
148,4,308.0,418.0,135.42,307.29,1,-1,-1,-1
148,5,1372.0,597.0,175.68,398.65,1,-1,-1,-1
149,1,1242.0,171.0,270.83,614.58,1,-1,-1,-1
149,2,991.0,379.0,270.83,614.58,1,-1,-1,-1
149,3,29.0,313.0,250.0,567.31,1,-1,-1,-1
149,4,288.0,408.0,146.62,332.71,1,-1,-1,-1
149,5,1336.0,512.0,207.45,470.74,1,-1,-1,-1
150,1,1242.0,171.0,270.83,614.58,1,-1,-1,-1
150,2,991.0,421.0,270.83,614.58,1,-1,-1,-1
150,3,433.0,397.0,135.42,307.29,1,-1,-1,-1
150,4,288.0,408.0,146.62,332.71,1,-1,-1,-1
150,5,1336.0,512.0,207.45,470.74,1,-1,-1,-1
151,1,1242.0,171.0,270.83,614.58,1,-1,-1,-1
151,2,1075.0,597.0,175.68,398.65,1,-1,-1,-1
151,3,432.0,400.0,123.42,280.06,1,-1,-1,-1
151,4,288.0,408.0,146.62,332.71,1,-1,-1,-1
151,5,1466.0,469.0,94.66,214.81,1,-1,-1,-1
152,1,1242.0,171.0,270.83,614.58,1,-1,-1,-1
152,2,1102.0,641.0,159.84,362.7,1,-1,-1,-1
152,3,1806.0,521.0,36.723,83.333,1,-1,-1,-1
152,4,248.0,385.0,207.45,470.74,1,-1,-1,-1
152,5,1851.0,513.0,26.0,59.0,1,-1,-1,-1
153,1,1242.0,171.0,270.83,614.58,1,-1,-1,-1
153,2,1819.0,517.0,26.0,59.0,1,-1,-1,-1
153,3,153.0,612.0,113.37,257.27,1,-1,-1,-1
153,4,201.0,353.0,226.74,514.53,1,-1,-1,-1
153,5,1849.0,510.0,28.302,64.224,1,-1,-1,-1
154,1,1242.0,171.0,270.83,614.58,1,-1,-1,-1
154,2,1695.0,419.0,79.918,181.35,1,-1,-1,-1
154,3,451.0,400.0,123.42,280.06,1,-1,-1,-1
154,4,182.0,313.0,250.0,567.31,1,-1,-1,-1
154,5,1806.0,521.0,36.723,83.333,1,-1,-1,-1
155,1,1242.0,171.0,270.83,614.58,1,-1,-1,-1
155,2,1806.0,521.0,36.723,83.333,1,-1,-1,-1
155,3,433.0,397.0,135.42,307.29,1,-1,-1,-1
155,4,182.0,313.0,250.0,567.31,1,-1,-1,-1
155,5,1827.0,517.0,26.0,59.0,1,-1,-1,-1
156,1,1200.0,130.0,270.83,614.58,1,-1,-1,-1
156,2,1695.0,419.0,79.918,181.35,1,-1,-1,-1
156,3,88.0,417.0,207.45,470.74,1,-1,-1,-1
156,4,157.0,254.0,270.83,614.58,1,-1,-1,-1
156,5,1806.0,521.0,36.723,83.333,1,-1,-1,-1
157,1,1271.0,141.0,47.794,108.46,1,-1,-1,-1
157,2,1801.0,513.0,40.123,91.049,1,-1,-1,-1
157,3,88.0,417.0,207.45,470.74,1,-1,-1,-1
157,4,157.0,254.0,270.83,614.58,1,-1,-1,-1
157,5,454.0,397.0,135.42,307.29,1,-1,-1,-1
158,1,1695.0,419.0,79.918,181.35,1,-1,-1,-1
158,2,1240.0,576.0,207.45,470.74,1,-1,-1,-1
158,3,446.0,385.0,146.62,332.71,1,-1,-1,-1
158,4,236.0,318.0,226.74,514.53,1,-1,-1,-1
158,5,1200.0,130.0,270.83,614.58,1,-1,-1,-1
159,1,91.0,510.0,103.17,234.13,1,-1,-1,-1
159,2,1695.0,419.0,79.918,181.35,1,-1,-1,-1
159,3,446.0,385.0,146.62,332.71,1,-1,-1,-1
159,4,221.0,275.0,250.0,567.31,1,-1,-1,-1
159,5,1244.0,617.0,189.32,429.61,1,-1,-1,-1
160,1,446.0,408.0,146.62,332.71,1,-1,-1,-1
160,2,1695.0,419.0,79.918,181.35,1,-1,-1,-1
160,3,1806.0,521.0,36.723,83.333,1,-1,-1,-1
160,4,236.0,318.0,226.74,514.53,1,-1,-1,-1
160,5,1178.0,527.0,226.74,514.53,1,-1,-1,-1
161,1,469.0,408.0,146.62,332.71,1,-1,-1,-1
161,2,1801.0,493.0,47.794,108.46,1,-1,-1,-1
161,3,866.0,462.0,270.83,614.58,1,-1,-1,-1
161,4,259.0,313.0,250.0,567.31,1,-1,-1,-1
161,5,1144.0,576.0,207.45,470.74,1,-1,-1,-1
162,1,486.0,396.0,159.84,362.7,1,-1,-1,-1
162,2,1823.0,517.0,26.0,59.0,1,-1,-1,-1
162,3,1117.0,130.0,270.83,614.58,1,-1,-1,-1
162,4,298.0,313.0,250.0,567.31,1,-1,-1,-1
162,5,1213.0,562.0,226.74,514.53,1,-1,-1,-1
163,1,942.0,848.0,94.66,214.81,1,-1,-1,-1
163,2,1845.0,510.0,36.723,83.333,1,-1,-1,-1
163,3,1102.0,138.0,175.68,398.65,1,-1,-1,-1
163,4,298.0,313.0,250.0,567.31,1,-1,-1,-1
163,5,1176.0,608.0,207.45,470.74,1,-1,-1,-1
164,1,1098.0,120.0,189.32,429.61,1,-1,-1,-1
164,2,1208.0,608.0,207.45,470.74,1,-1,-1,-1
164,3,927.0,848.0,94.66,214.81,1,-1,-1,-1
164,4,340.0,318.0,226.74,514.53,1,-1,-1,-1
164,5,1849.0,510.0,28.302,64.224,1,-1,-1,-1
165,1,1823.0,517.0,26.0,59.0,1,-1,-1,-1
165,2,1695.0,419.0,79.918,181.35,1,-1,-1,-1
165,3,913.0,848.0,94.66,214.81,1,-1,-1,-1
165,4,375.0,318.0,226.74,514.53,1,-1,-1,-1
165,5,1497.0,381.0,123.42,280.06,1,-1,-1,-1
166,1,1819.0,513.0,26.0,59.0,1,-1,-1,-1
166,2,1075.0,138.0,175.68,398.65,1,-1,-1,-1
166,3,1400.0,492.0,79.918,181.35,1,-1,-1,-1
166,4,408.0,353.0,207.45,470.74,1,-1,-1,-1
166,5,1497.0,381.0,123.42,280.06,1,-1,-1,-1
167,1,1801.0,493.0,47.794,108.46,1,-1,-1,-1
167,2,1395.0,502.0,73.864,167.61,1,-1,-1,-1
167,3,1684.0,396.0,94.66,214.81,1,-1,-1,-1
167,4,440.0,353.0,207.45,470.74,1,-1,-1,-1
167,5,1516.0,381.0,123.42,280.06,1,-1,-1,-1
168,1,1798.0,504.0,43.624,98.993,1,-1,-1,-1
168,2,1363.0,468.0,79.918,181.35,1,-1,-1,-1
168,3,440.0,353.0,207.45,470.74,1,-1,-1,-1
168,4,1134.0,113.0,52.0,118.0,1,-1,-1,-1
168,5,1516.0,381.0,123.42,280.06,1,-1,-1,-1
169,1,1098.0,646.0,189.32,429.61,1,-1,-1,-1
169,2,1395.0,502.0,73.864,167.61,1,-1,-1,-1
169,3,1845.0,510.0,28.302,64.224,1,-1,-1,-1
169,4,1372.0,490.0,73.864,167.61,1,-1,-1,-1
169,5,1516.0,381.0,123.42,280.06,1,-1,-1,-1
170,1,1695.0,419.0,79.918,181.35,1,-1,-1,-1
170,2,1349.0,440.0,94.66,214.81,1,-1,-1,-1
170,3,978.0,150.0,159.84,362.7,1,-1,-1,-1
170,4,969.0,542.0,79.918,181.35,1,-1,-1,-1
170,5,1516.0,381.0,123.42,280.06,1,-1,-1,-1
171,1,1798.0,504.0,43.624,98.993,1,-1,-1,-1
171,2,1395.0,502.0,73.864,167.61,1,-1,-1,-1
171,3,1378.0,479.0,67.474,153.11,1,-1,-1,-1
171,4,1048.0,576.0,207.45,470.74,1,-1,-1,-1
171,5,1516.0,381.0,123.42,280.06,1,-1,-1,-1
172,1,1563.0,564.0,43.624,98.993,1,-1,-1,-1
172,2,1333.0,550.0,56.686,128.63,1,-1,-1,-1
172,3,547.0,571.0,123.42,280.06,1,-1,-1,-1
172,4,1361.0,447.0,103.17,234.13,1,-1,-1,-1
172,5,1040.0,646.0,189.32,429.61,1,-1,-1,-1
173,1,1806.0,521.0,36.723,83.333,1,-1,-1,-1
173,2,1333.0,550.0,56.686,128.63,1,-1,-1,-1
173,3,953.0,120.0,189.32,429.61,1,-1,-1,-1
173,4,1378.0,454.0,94.66,214.81,1,-1,-1,-1
173,5,1038.0,68.0,61.514,139.59,1,-1,-1,-1
174,1,954.0,150.0,159.84,362.7,1,-1,-1,-1
174,2,1333.0,550.0,56.686,128.63,1,-1,-1,-1
174,3,1016.0,608.0,207.45,470.74,1,-1,-1,-1
174,4,1565.0,510.0,67.474,153.11,1,-1,-1,-1
174,5,1823.0,510.0,28.302,64.224,1,-1,-1,-1
175,1,1575.0,510.0,67.474,153.11,1,-1,-1,-1
175,2,1333.0,550.0,56.686,128.63,1,-1,-1,-1
175,3,1011.0,646.0,189.32,429.61,1,-1,-1,-1
175,4,1695.0,419.0,79.918,181.35,1,-1,-1,-1
175,5,1191.0,161.0,79.918,181.35,1,-1,-1,-1
176,1,1535.0,381.0,123.42,280.06,1,-1,-1,-1
176,2,1174.0,265.0,52.0,118.0,1,-1,-1,-1
176,3,1395.0,490.0,73.864,167.61,1,-1,-1,-1
176,4,1806.0,521.0,36.723,83.333,1,-1,-1,-1
176,5,1690.0,471.0,47.794,108.46,1,-1,-1,-1
177,1,1183.0,821.0,113.37,257.27,1,-1,-1,-1
177,2,1406.0,490.0,73.864,167.61,1,-1,-1,-1
177,3,1535.0,381.0,123.42,280.06,1,-1,-1,-1
177,4,913.0,111.0,175.68,398.65,1,-1,-1,-1
177,5,1333.0,550.0,56.686,128.63,1,-1,-1,-1
178,1,1406.0,502.0,73.864,167.61,1,-1,-1,-1
178,2,1843.0,505.0,30.903,70.127,1,-1,-1,-1
178,3,1342.0,550.0,56.686,128.63,1,-1,-1,-1
178,4,1535.0,381.0,123.42,280.06,1,-1,-1,-1
178,5,1383.0,468.0,73.864,167.61,1,-1,-1,-1
179,1,1819.0,513.0,26.0,59.0,1,-1,-1,-1
179,2,1342.0,550.0,56.686,128.63,1,-1,-1,-1
179,3,880.0,126.0,159.84,362.7,1,-1,-1,-1
179,4,1549.0,403.0,113.37,257.27,1,-1,-1,-1
179,5,1388.0,479.0,67.474,153.11,1,-1,-1,-1
180,1,1409.0,510.0,67.474,153.11,1,-1,-1,-1
180,2,1447.0,515.0,56.686,128.63,1,-1,-1,-1
180,3,991.0,462.0,270.83,614.58,1,-1,-1,-1
180,4,1554.0,381.0,123.42,280.06,1,-1,-1,-1
180,5,1398.0,489.0,52.0,118.0,1,-1,-1,-1
181,1,1406.0,502.0,73.864,167.61,1,-1,-1,-1
181,2,1422.0,425.0,94.66,214.81,1,-1,-1,-1
181,3,950.0,506.0,250.0,567.31,1,-1,-1,-1
181,4,1684.0,396.0,94.66,214.81,1,-1,-1,-1
181,5,1399.0,485.0,26.0,59.0,1,-1,-1,-1
182,1,1430.0,510.0,67.474,153.11,1,-1,-1,-1
182,2,1409.0,500.0,67.474,153.11,1,-1,-1,-1
182,3,950.0,506.0,250.0,567.31,1,-1,-1,-1
182,4,1567.0,403.0,113.37,257.27,1,-1,-1,-1
182,5,1351.0,550.0,56.686,128.63,1,-1,-1,-1
183,1,1406.0,502.0,73.864,167.61,1,-1,-1,-1
183,2,1462.0,556.0,33.737,76.557,1,-1,-1,-1
183,3,1567.0,403.0,113.37,257.27,1,-1,-1,-1
183,4,1684.0,396.0,94.66,214.81,1,-1,-1,-1
183,5,1351.0,550.0,56.686,128.63,1,-1,-1,-1
184,1,1406.0,502.0,73.864,167.61,1,-1,-1,-1
184,2,1429.0,490.0,73.864,167.61,1,-1,-1,-1
184,3,1573.0,381.0,123.42,280.06,1,-1,-1,-1
184,4,1684.0,396.0,94.66,214.81,1,-1,-1,-1
184,5,1351.0,550.0,56.686,128.63,1,-1,-1,-1
185,1,1406.0,490.0,73.864,167.61,1,-1,-1,-1
185,2,1440.0,521.0,67.474,153.11,1,-1,-1,-1
185,3,1490.0,454.0,56.686,128.63,1,-1,-1,-1
185,4,1695.0,419.0,79.918,181.35,1,-1,-1,-1
185,5,1351.0,550.0,56.686,128.63,1,-1,-1,-1
186,1,1395.0,468.0,73.864,167.61,1,-1,-1,-1
186,2,1417.0,502.0,73.864,167.61,1,-1,-1,-1
186,3,1573.0,381.0,123.42,280.06,1,-1,-1,-1
186,4,1806.0,521.0,36.723,83.333,1,-1,-1,-1
186,5,649.0,382.0,79.918,181.35,1,-1,-1,-1
187,1,1406.0,490.0,73.864,167.61,1,-1,-1,-1
187,2,1430.0,447.0,87.838,199.32,1,-1,-1,-1
187,3,1573.0,381.0,123.42,280.06,1,-1,-1,-1
187,4,1806.0,521.0,36.723,83.333,1,-1,-1,-1
187,5,899.0,597.0,226.74,514.53,1,-1,-1,-1
188,1,1395.0,468.0,73.864,167.61,1,-1,-1,-1
188,2,1440.0,431.0,103.17,234.13,1,-1,-1,-1
188,3,1573.0,381.0,123.42,280.06,1,-1,-1,-1
188,4,1848.0,505.0,30.903,70.127,1,-1,-1,-1
188,5,864.0,597.0,226.74,514.53,1,-1,-1,-1
189,1,792.0,654.0,56.686,128.63,1,-1,-1,-1
189,2,1443.0,447.0,87.838,199.32,1,-1,-1,-1
189,3,1684.0,396.0,94.66,214.81,1,-1,-1,-1
189,4,940.0,84.0,175.68,398.65,1,-1,-1,-1
189,5,658.0,445.0,159.84,362.7,1,-1,-1,-1
190,1,940.0,84.0,175.68,398.65,1,-1,-1,-1
190,2,1451.0,440.0,94.66,214.81,1,-1,-1,-1
190,3,1687.0,407.0,87.838,199.32,1,-1,-1,-1
190,4,1412.0,480.0,79.918,181.35,1,-1,-1,-1
190,5,633.0,383.0,189.32,429.61,1,-1,-1,-1
191,1,794.0,562.0,226.74,514.53,1,-1,-1,-1
191,2,1451.0,440.0,94.66,214.81,1,-1,-1,-1
191,3,1806.0,521.0,36.723,83.333,1,-1,-1,-1
191,4,1416.0,474.0,87.838,199.32,1,-1,-1,-1
191,5,507.0,381.0,175.68,398.65,1,-1,-1,-1
192,1,1416.0,474.0,87.838,199.32,1,-1,-1,-1
192,2,1457.0,434.0,87.838,199.32,1,-1,-1,-1
192,3,1599.0,399.0,103.17,234.13,1,-1,-1,-1
192,4,1378.0,454.0,94.66,214.81,1,-1,-1,-1
192,5,486.0,420.0,159.84,362.7,1,-1,-1,-1
193,1,1417.0,490.0,73.864,167.61,1,-1,-1,-1
193,2,1466.0,440.0,94.66,214.81,1,-1,-1,-1
193,3,1801.0,513.0,40.123,91.049,1,-1,-1,-1
193,4,1367.0,531.0,67.474,153.11,1,-1,-1,-1
193,5,453.0,408.0,175.68,398.65,1,-1,-1,-1
194,1,1392.0,447.0,103.17,234.13,1,-1,-1,-1
194,2,1456.0,431.0,103.17,234.13,1,-1,-1,-1
194,3,1806.0,521.0,36.723,83.333,1,-1,-1,-1
194,4,1367.0,531.0,67.474,153.11,1,-1,-1,-1
194,5,480.0,408.0,175.68,398.65,1,-1,-1,-1
195,1,1392.0,447.0,103.17,234.13,1,-1,-1,-1
195,2,1472.0,415.0,103.17,234.13,1,-1,-1,-1
195,3,1602.0,385.0,113.37,257.27,1,-1,-1,-1
195,4,1806.0,521.0,36.723,83.333,1,-1,-1,-1
195,5,1367.0,531.0,67.474,153.11,1,-1,-1,-1
196,1,1378.0,531.0,67.474,153.11,1,-1,-1,-1
196,2,1480.0,425.0,94.66,214.81,1,-1,-1,-1
196,3,1684.0,396.0,94.66,214.81,1,-1,-1,-1
196,4,1422.0,469.0,94.66,214.81,1,-1,-1,-1
196,5,1615.0,399.0,103.17,234.13,1,-1,-1,-1
197,1,1372.0,524.0,73.864,167.61,1,-1,-1,-1
197,2,1472.0,415.0,103.17,234.13,1,-1,-1,-1
197,3,1684.0,396.0,94.66,214.81,1,-1,-1,-1
197,4,1422.0,469.0,94.66,214.81,1,-1,-1,-1
197,5,198.0,213.0,270.83,614.58,1,-1,-1,-1
198,1,1361.0,463.0,103.17,234.13,1,-1,-1,-1
198,2,1472.0,415.0,103.17,234.13,1,-1,-1,-1
198,3,1684.0,396.0,94.66,214.81,1,-1,-1,-1
198,4,1422.0,469.0,94.66,214.81,1,-1,-1,-1
198,5,929.0,570.0,73.864,167.61,1,-1,-1,-1
199,1,1408.0,447.0,103.17,234.13,1,-1,-1,-1
199,2,1495.0,425.0,94.66,214.81,1,-1,-1,-1
199,3,1684.0,396.0,94.66,214.81,1,-1,-1,-1
199,4,1456.0,447.0,103.17,234.13,1,-1,-1,-1
199,5,240.0,254.0,270.83,614.58,1,-1,-1,-1
200,1,1456.0,447.0,103.17,234.13,1,-1,-1,-1
200,2,1504.0,415.0,103.17,234.13,1,-1,-1,-1
200,3,1684.0,396.0,94.66,214.81,1,-1,-1,-1
200,4,1422.0,469.0,94.66,214.81,1,-1,-1,-1
200,5,824.0,171.0,270.83,614.58,1,-1,-1,-1
201,1,1462.0,438.0,113.37,257.27,1,-1,-1,-1
201,2,1504.0,415.0,103.17,234.13,1,-1,-1,-1
201,3,1678.0,399.0,103.17,234.13,1,-1,-1,-1
201,4,1430.0,488.0,87.838,199.32,1,-1,-1,-1
201,5,728.0,608.0,207.45,470.74,1,-1,-1,-1
202,1,1472.0,431.0,103.17,234.13,1,-1,-1,-1
202,2,1611.0,381.0,123.42,280.06,1,-1,-1,-1
202,3,1678.0,399.0,103.17,234.13,1,-1,-1,-1
202,4,1436.0,469.0,94.66,214.81,1,-1,-1,-1
202,5,298.0,236.0,250.0,567.31,1,-1,-1,-1
203,1,1472.0,447.0,103.17,234.13,1,-1,-1,-1
203,2,1630.0,399.0,103.17,234.13,1,-1,-1,-1
203,3,1678.0,399.0,103.17,234.13,1,-1,-1,-1
203,4,1436.0,469.0,94.66,214.81,1,-1,-1,-1
203,5,345.0,273.0,175.68,398.65,1,-1,-1,-1
204,1,1021.0,338.0,30.903,70.127,1,-1,-1,-1
204,2,1630.0,399.0,103.17,234.13,1,-1,-1,-1
204,3,1671.0,385.0,113.37,257.27,1,-1,-1,-1
204,4,1436.0,469.0,94.66,214.81,1,-1,-1,-1
204,5,380.0,316.0,113.37,257.27,1,-1,-1,-1
205,1,1408.0,463.0,103.17,234.13,1,-1,-1,-1
205,2,1619.0,403.0,113.37,257.27,1,-1,-1,-1
205,3,1654.0,385.0,113.37,257.27,1,-1,-1,-1
205,4,1440.0,447.0,103.17,234.13,1,-1,-1,-1
205,5,201.0,283.0,226.74,514.53,1,-1,-1,-1
206,1,1408.0,463.0,103.17,234.13,1,-1,-1,-1
206,2,1619.0,403.0,113.37,257.27,1,-1,-1,-1
206,3,1654.0,385.0,113.37,257.27,1,-1,-1,-1
206,4,1049.0,338.0,30.903,70.127,1,-1,-1,-1
206,5,1440.0,447.0,103.17,234.13,1,-1,-1,-1
207,1,1408.0,463.0,103.17,234.13,1,-1,-1,-1
207,2,1440.0,447.0,103.17,234.13,1,-1,-1,-1
207,3,1654.0,385.0,113.37,257.27,1,-1,-1,-1
207,4,680.0,556.0,94.66,214.81,1,-1,-1,-1
207,5,1806.0,521.0,36.723,83.333,1,-1,-1,-1
208,1,1399.0,541.0,67.474,153.11,1,-1,-1,-1
208,2,1538.0,425.0,94.66,214.81,1,-1,-1,-1
208,3,1654.0,385.0,113.37,257.27,1,-1,-1,-1
208,4,916.0,478.0,103.17,234.13,1,-1,-1,-1
208,5,1427.0,438.0,113.37,257.27,1,-1,-1,-1
209,1,1406.0,524.0,73.864,167.61,1,-1,-1,-1
209,2,1553.0,425.0,94.66,214.81,1,-1,-1,-1
209,3,1654.0,385.0,113.37,257.27,1,-1,-1,-1
209,4,930.0,501.0,87.838,199.32,1,-1,-1,-1
209,5,883.0,709.0,30.903,70.127,1,-1,-1,-1
210,1,1419.0,541.0,67.474,153.11,1,-1,-1,-1
210,2,1553.0,425.0,94.66,214.81,1,-1,-1,-1
210,3,1662.0,399.0,103.17,234.13,1,-1,-1,-1
210,4,633.0,354.0,189.32,429.61,1,-1,-1,-1
210,5,1440.0,447.0,103.17,234.13,1,-1,-1,-1
211,1,1419.0,541.0,67.474,153.11,1,-1,-1,-1
211,2,1588.0,479.0,73.864,167.61,1,-1,-1,-1
211,3,1671.0,385.0,113.37,257.27,1,-1,-1,-1
211,4,632.0,385.0,207.45,470.74,1,-1,-1,-1
211,5,1440.0,447.0,103.17,234.13,1,-1,-1,-1
212,1,1417.0,524.0,73.864,167.61,1,-1,-1,-1
212,2,1565.0,447.0,87.838,199.32,1,-1,-1,-1
212,3,1671.0,385.0,113.37,257.27,1,-1,-1,-1
212,4,559.0,273.0,146.62,332.71,1,-1,-1,-1
212,5,1444.0,438.0,113.37,257.27,1,-1,-1,-1
213,1,1417.0,524.0,73.864,167.61,1,-1,-1,-1
213,2,1567.0,425.0,94.66,214.81,1,-1,-1,-1
213,3,1671.0,385.0,113.37,257.27,1,-1,-1,-1
213,4,558.0,293.0,135.42,307.29,1,-1,-1,-1
213,5,1040.0,325.0,189.32,429.61,1,-1,-1,-1
214,1,1417.0,524.0,73.864,167.61,1,-1,-1,-1
214,2,1579.0,447.0,87.838,199.32,1,-1,-1,-1
214,3,1678.0,399.0,103.17,234.13,1,-1,-1,-1
214,4,528.0,236.0,250.0,567.31,1,-1,-1,-1
214,5,1444.0,438.0,113.37,257.27,1,-1,-1,-1
215,1,986.0,414.0,40.123,91.049,1,-1,-1,-1
215,2,1588.0,445.0,73.864,167.61,1,-1,-1,-1
215,3,1678.0,399.0,103.17,234.13,1,-1,-1,-1
215,4,532.0,254.0,270.83,614.58,1,-1,-1,-1
215,5,1444.0,438.0,113.37,257.27,1,-1,-1,-1
216,1,1075.0,354.0,175.68,398.65,1,-1,-1,-1
216,2,1588.0,456.0,73.864,167.61,1,-1,-1,-1
216,3,1678.0,399.0,103.17,234.13,1,-1,-1,-1
216,4,449.0,254.0,270.83,614.58,1,-1,-1,-1
216,5,1479.0,420.0,113.37,257.27,1,-1,-1,-1
217,1,1069.0,325.0,189.32,429.61,1,-1,-1,-1
217,2,1583.0,415.0,103.17,234.13,1,-1,-1,-1
217,3,1678.0,399.0,103.17,234.13,1,-1,-1,-1
217,4,574.0,254.0,270.83,614.58,1,-1,-1,-1
217,5,1444.0,438.0,113.37,257.27,1,-1,-1,-1
218,1,1102.0,354.0,175.68,398.65,1,-1,-1,-1
218,2,1596.0,425.0,94.66,214.81,1,-1,-1,-1
218,3,1678.0,399.0,103.17,234.13,1,-1,-1,-1
218,4,605.0,275.0,250.0,567.31,1,-1,-1,-1
218,5,1462.0,438.0,113.37,257.27,1,-1,-1,-1
219,1,988.0,430.0,146.62,332.71,1,-1,-1,-1
219,2,1599.0,415.0,103.17,234.13,1,-1,-1,-1
219,3,1678.0,399.0,103.17,234.13,1,-1,-1,-1
219,4,472.0,322.0,207.45,470.74,1,-1,-1,-1
219,5,1462.0,438.0,113.37,257.27,1,-1,-1,-1
220,1,1017.0,460.0,135.42,307.29,1,-1,-1,-1
220,2,1599.0,415.0,103.17,234.13,1,-1,-1,-1
220,3,1694.0,399.0,103.17,234.13,1,-1,-1,-1
220,4,472.0,322.0,207.45,470.74,1,-1,-1,-1
220,5,1462.0,438.0,113.37,257.27,1,-1,-1,-1
221,1,1039.0,410.0,43.624,98.993,1,-1,-1,-1
221,2,1599.0,415.0,103.17,234.13,1,-1,-1,-1
221,3,1678.0,399.0,103.17,234.13,1,-1,-1,-1
221,4,504.0,322.0,207.45,470.74,1,-1,-1,-1
221,5,1462.0,438.0,113.37,257.27,1,-1,-1,-1
222,1,1017.0,439.0,135.42,307.29,1,-1,-1,-1
222,2,1611.0,425.0,94.66,214.81,1,-1,-1,-1
222,3,1678.0,399.0,103.17,234.13,1,-1,-1,-1
222,4,504.0,322.0,207.45,470.74,1,-1,-1,-1
222,5,1525.0,488.0,87.838,199.32,1,-1,-1,-1
223,1,1038.0,439.0,135.42,307.29,1,-1,-1,-1
223,2,1615.0,399.0,103.17,234.13,1,-1,-1,-1
223,3,1678.0,399.0,103.17,234.13,1,-1,-1,-1
223,4,536.0,322.0,207.45,470.74,1,-1,-1,-1
223,5,1497.0,455.0,113.37,257.27,1,-1,-1,-1
224,1,1059.0,439.0,135.42,307.29,1,-1,-1,-1
224,2,1626.0,425.0,94.66,214.81,1,-1,-1,-1
224,3,1678.0,399.0,103.17,234.13,1,-1,-1,-1
224,4,536.0,290.0,207.45,470.74,1,-1,-1,-1
224,5,1497.0,455.0,113.37,257.27,1,-1,-1,-1
225,1,1059.0,439.0,135.42,307.29,1,-1,-1,-1
225,2,1668.0,420.0,47.794,108.46,1,-1,-1,-1
225,3,1689.0,385.0,113.37,257.27,1,-1,-1,-1
225,4,536.0,290.0,207.45,470.74,1,-1,-1,-1
225,5,1519.0,463.0,103.17,234.13,1,-1,-1,-1
226,1,1059.0,439.0,135.42,307.29,1,-1,-1,-1
226,2,724.0,283.0,226.74,514.53,1,-1,-1,-1
226,3,1710.0,399.0,103.17,234.13,1,-1,-1,-1
226,4,568.0,322.0,207.45,470.74,1,-1,-1,-1
226,5,1495.0,469.0,94.66,214.81,1,-1,-1,-1
227,1,1059.0,439.0,135.42,307.29,1,-1,-1,-1
227,2,1169.0,363.0,146.62,332.71,1,-1,-1,-1
227,3,1710.0,399.0,103.17,234.13,1,-1,-1,-1
227,4,323.0,296.0,270.83,614.58,1,-1,-1,-1
227,5,1519.0,447.0,103.17,234.13,1,-1,-1,-1
228,1,1059.0,439.0,135.42,307.29,1,-1,-1,-1
228,2,603.0,760.0,40.123,91.049,1,-1,-1,-1
228,3,1710.0,399.0,103.17,234.13,1,-1,-1,-1
228,4,323.0,338.0,270.83,614.58,1,-1,-1,-1
228,5,1504.0,463.0,103.17,234.13,1,-1,-1,-1
229,1,1080.0,439.0,135.42,307.29,1,-1,-1,-1
229,2,759.0,283.0,226.74,514.53,1,-1,-1,-1
229,3,1710.0,399.0,103.17,234.13,1,-1,-1,-1
229,4,323.0,296.0,270.83,614.58,1,-1,-1,-1
229,5,1504.0,463.0,103.17,234.13,1,-1,-1,-1
230,1,1079.0,430.0,146.62,332.71,1,-1,-1,-1
230,2,758.0,275.0,250.0,567.31,1,-1,-1,-1
230,3,1727.0,396.0,94.66,214.81,1,-1,-1,-1
230,4,323.0,296.0,270.83,614.58,1,-1,-1,-1
230,5,1504.0,463.0,103.17,234.13,1,-1,-1,-1
231,1,1101.0,439.0,135.42,307.29,1,-1,-1,-1
231,2,407.0,338.0,270.83,614.58,1,-1,-1,-1
231,3,1726.0,399.0,103.17,234.13,1,-1,-1,-1
231,4,323.0,296.0,270.83,614.58,1,-1,-1,-1
231,5,1497.0,438.0,113.37,257.27,1,-1,-1,-1
232,1,1122.0,397.0,135.42,307.29,1,-1,-1,-1
232,2,407.0,338.0,270.83,614.58,1,-1,-1,-1
232,3,1726.0,399.0,103.17,234.13,1,-1,-1,-1
232,4,323.0,296.0,270.83,614.58,1,-1,-1,-1
232,5,1497.0,438.0,113.37,257.27,1,-1,-1,-1
233,1,1122.0,397.0,135.42,307.29,1,-1,-1,-1
233,2,407.0,338.0,270.83,614.58,1,-1,-1,-1
233,3,1742.0,410.0,94.66,214.81,1,-1,-1,-1
233,4,323.0,296.0,270.83,614.58,1,-1,-1,-1
233,5,1497.0,438.0,113.37,257.27,1,-1,-1,-1
234,1,1124.0,385.0,146.62,332.71,1,-1,-1,-1
234,2,407.0,338.0,270.83,614.58,1,-1,-1,-1
234,3,1742.0,399.0,103.17,234.13,1,-1,-1,-1
234,4,323.0,296.0,270.83,614.58,1,-1,-1,-1
234,5,1497.0,438.0,113.37,257.27,1,-1,-1,-1
235,1,1124.0,385.0,146.62,332.71,1,-1,-1,-1
235,2,407.0,338.0,270.83,614.58,1,-1,-1,-1
235,3,1742.0,399.0,103.17,234.13,1,-1,-1,-1
235,4,323.0,296.0,270.83,614.58,1,-1,-1,-1
235,5,1514.0,438.0,113.37,257.27,1,-1,-1,-1
236,1,1237.0,363.0,146.62,332.71,1,-1,-1,-1
236,2,829.0,283.0,226.74,514.53,1,-1,-1,-1
236,3,1757.0,399.0,103.17,234.13,1,-1,-1,-1
236,4,407.0,296.0,270.83,614.58,1,-1,-1,-1
236,5,1514.0,438.0,113.37,257.27,1,-1,-1,-1
237,1,1237.0,363.0,146.62,332.71,1,-1,-1,-1
237,2,407.0,338.0,270.83,614.58,1,-1,-1,-1
237,3,1757.0,399.0,103.17,234.13,1,-1,-1,-1
237,4,490.0,296.0,270.83,614.58,1,-1,-1,-1
237,5,1514.0,438.0,113.37,257.27,1,-1,-1,-1
238,1,1259.0,363.0,146.62,332.71,1,-1,-1,-1
238,2,566.0,313.0,250.0,567.31,1,-1,-1,-1
238,3,1757.0,399.0,103.17,234.13,1,-1,-1,-1
238,4,449.0,296.0,270.83,614.58,1,-1,-1,-1
238,5,1504.0,431.0,103.17,234.13,1,-1,-1,-1
239,1,1259.0,363.0,146.62,332.71,1,-1,-1,-1
239,2,451.0,352.0,250.0,567.31,1,-1,-1,-1
239,3,1757.0,399.0,103.17,234.13,1,-1,-1,-1
239,4,528.0,313.0,250.0,567.31,1,-1,-1,-1
239,5,1509.0,440.0,94.66,214.81,1,-1,-1,-1
240,1,1259.0,363.0,146.62,332.71,1,-1,-1,-1
240,2,856.0,290.0,207.45,470.74,1,-1,-1,-1
240,3,1742.0,399.0,103.17,234.13,1,-1,-1,-1
240,4,490.0,296.0,270.83,614.58,1,-1,-1,-1
240,5,1509.0,440.0,94.66,214.81,1,-1,-1,-1
241,1,1259.0,363.0,146.62,332.71,1,-1,-1,-1
241,2,759.0,283.0,226.74,514.53,1,-1,-1,-1
241,3,1742.0,399.0,103.17,234.13,1,-1,-1,-1
241,4,532.0,296.0,270.83,614.58,1,-1,-1,-1
241,5,1516.0,419.0,123.42,280.06,1,-1,-1,-1
242,1,1282.0,385.0,146.62,332.71,1,-1,-1,-1
242,2,760.0,290.0,207.45,470.74,1,-1,-1,-1
242,3,1757.0,399.0,103.17,234.13,1,-1,-1,-1
242,4,532.0,296.0,270.83,614.58,1,-1,-1,-1
242,5,1516.0,419.0,123.42,280.06,1,-1,-1,-1
243,1,1259.0,363.0,146.62,332.71,1,-1,-1,-1
243,2,778.0,296.0,189.32,429.61,1,-1,-1,-1
243,3,1757.0,399.0,103.17,234.13,1,-1,-1,-1
243,4,616.0,296.0,270.83,614.58,1,-1,-1,-1
243,5,1516.0,419.0,123.42,280.06,1,-1,-1,-1
244,1,1282.0,363.0,146.62,332.71,1,-1,-1,-1
244,2,898.0,385.0,146.62,332.71,1,-1,-1,-1
244,3,1742.0,399.0,103.17,234.13,1,-1,-1,-1
244,4,616.0,296.0,270.83,614.58,1,-1,-1,-1
244,5,1516.0,419.0,123.42,280.06,1,-1,-1,-1
245,1,1289.0,376.0,135.42,307.29,1,-1,-1,-1
245,2,864.0,318.0,226.74,514.53,1,-1,-1,-1
245,3,1757.0,399.0,103.17,234.13,1,-1,-1,-1
245,4,643.0,313.0,250.0,567.31,1,-1,-1,-1
245,5,1553.0,483.0,94.66,214.81,1,-1,-1,-1
246,1,1282.0,363.0,146.62,332.71,1,-1,-1,-1
246,2,920.0,322.0,207.45,470.74,1,-1,-1,-1
246,3,1757.0,399.0,103.17,234.13,1,-1,-1,-1
246,4,682.0,313.0,250.0,567.31,1,-1,-1,-1
246,5,1532.0,438.0,113.37,257.27,1,-1,-1,-1
247,1,1282.0,363.0,146.62,332.71,1,-1,-1,-1
247,2,969.0,283.0,226.74,514.53,1,-1,-1,-1
247,3,1757.0,399.0,103.17,234.13,1,-1,-1,-1
247,4,682.0,313.0,250.0,567.31,1,-1,-1,-1
247,5,1516.0,419.0,123.42,280.06,1,-1,-1,-1
248,1,1282.0,363.0,146.62,332.71,1,-1,-1,-1
248,2,984.0,290.0,207.45,470.74,1,-1,-1,-1
248,3,1773.0,399.0,103.17,234.13,1,-1,-1,-1
248,4,720.0,313.0,250.0,567.31,1,-1,-1,-1
248,5,1535.0,419.0,123.42,280.06,1,-1,-1,-1
249,1,1305.0,385.0,146.62,332.71,1,-1,-1,-1
249,2,984.0,322.0,207.45,470.74,1,-1,-1,-1
249,3,1773.0,399.0,103.17,234.13,1,-1,-1,-1
249,4,758.0,313.0,250.0,567.31,1,-1,-1,-1
249,5,1535.0,419.0,123.42,280.06,1,-1,-1,-1
250,1,1305.0,385.0,146.62,332.71,1,-1,-1,-1
250,2,1004.0,283.0,226.74,514.53,1,-1,-1,-1
250,3,1773.0,399.0,103.17,234.13,1,-1,-1,-1
250,4,720.0,313.0,250.0,567.31,1,-1,-1,-1
250,5,1535.0,419.0,123.42,280.06,1,-1,-1,-1
251,1,1214.0,385.0,146.62,332.71,1,-1,-1,-1
251,2,1004.0,283.0,226.74,514.53,1,-1,-1,-1
251,3,1773.0,399.0,103.17,234.13,1,-1,-1,-1
251,4,758.0,313.0,250.0,567.31,1,-1,-1,-1
251,5,1532.0,438.0,113.37,257.27,1,-1,-1,-1
252,1,1214.0,385.0,146.62,332.71,1,-1,-1,-1
252,2,1016.0,290.0,207.45,470.74,1,-1,-1,-1
252,3,1773.0,399.0,103.17,234.13,1,-1,-1,-1
252,4,758.0,313.0,250.0,567.31,1,-1,-1,-1
252,5,1532.0,438.0,113.37,257.27,1,-1,-1,-1
253,1,1214.0,385.0,146.62,332.71,1,-1,-1,-1
253,2,1040.0,325.0,189.32,429.61,1,-1,-1,-1
253,3,1789.0,399.0,103.17,234.13,1,-1,-1,-1
253,4,758.0,313.0,250.0,567.31,1,-1,-1,-1
253,5,1532.0,438.0,113.37,257.27,1,-1,-1,-1
254,1,1212.0,381.0,123.42,280.06,1,-1,-1,-1
254,2,1048.0,322.0,207.45,470.74,1,-1,-1,-1
254,3,1789.0,399.0,103.17,234.13,1,-1,-1,-1
254,4,794.0,318.0,226.74,514.53,1,-1,-1,-1
254,5,1532.0,438.0,113.37,257.27,1,-1,-1,-1
255,1,1202.0,415.0,103.17,234.13,1,-1,-1,-1
255,2,1048.0,322.0,207.45,470.74,1,-1,-1,-1
255,3,1789.0,399.0,103.17,234.13,1,-1,-1,-1
255,4,797.0,313.0,250.0,567.31,1,-1,-1,-1
255,5,1532.0,438.0,113.37,257.27,1,-1,-1,-1
256,1,1281.0,478.0,103.17,234.13,1,-1,-1,-1
256,2,1080.0,322.0,207.45,470.74,1,-1,-1,-1
256,3,1367.0,669.0,26.0,59.0,1,-1,-1,-1
256,4,835.0,313.0,250.0,567.31,1,-1,-1,-1
256,5,1532.0,438.0,113.37,257.27,1,-1,-1,-1
257,1,1212.0,381.0,123.42,280.06,1,-1,-1,-1
257,2,1080.0,322.0,207.45,470.74,1,-1,-1,-1
257,3,1602.0,455.0,113.37,257.27,1,-1,-1,-1
257,4,835.0,313.0,250.0,567.31,1,-1,-1,-1
257,5,1532.0,438.0,113.37,257.27,1,-1,-1,-1
258,1,1205.0,376.0,135.42,307.29,1,-1,-1,-1
258,2,1102.0,322.0,159.84,362.7,1,-1,-1,-1
258,3,1567.0,438.0,113.37,257.27,1,-1,-1,-1
258,4,835.0,313.0,250.0,567.31,1,-1,-1,-1
258,5,1532.0,455.0,113.37,257.27,1,-1,-1,-1
259,1,1191.0,635.0,67.474,153.11,1,-1,-1,-1
259,2,1126.0,322.0,159.84,362.7,1,-1,-1,-1
259,3,1567.0,455.0,113.37,257.27,1,-1,-1,-1
259,4,874.0,313.0,250.0,567.31,1,-1,-1,-1
259,5,1532.0,438.0,113.37,257.27,1,-1,-1,-1
260,1,1225.0,347.0,159.84,362.7,1,-1,-1,-1
260,2,1126.0,322.0,159.84,362.7,1,-1,-1,-1
260,3,1567.0,455.0,113.37,257.27,1,-1,-1,-1
260,4,874.0,313.0,250.0,567.31,1,-1,-1,-1
260,5,1532.0,438.0,113.37,257.27,1,-1,-1,-1
261,1,1127.0,325.0,189.32,429.61,1,-1,-1,-1
261,2,1069.0,296.0,189.32,429.61,1,-1,-1,-1
261,3,1504.0,447.0,103.17,234.13,1,-1,-1,-1
261,4,899.0,353.0,226.74,514.53,1,-1,-1,-1
261,5,1535.0,463.0,103.17,234.13,1,-1,-1,-1
262,1,1266.0,383.0,103.17,234.13,1,-1,-1,-1
262,2,1112.0,322.0,207.45,470.74,1,-1,-1,-1
262,3,1504.0,447.0,103.17,234.13,1,-1,-1,-1
262,4,934.0,353.0,226.74,514.53,1,-1,-1,-1
262,5,1535.0,463.0,103.17,234.13,1,-1,-1,-1
263,1,1281.0,399.0,103.17,234.13,1,-1,-1,-1
263,2,1112.0,322.0,207.45,470.74,1,-1,-1,-1
263,3,1504.0,447.0,103.17,234.13,1,-1,-1,-1
263,4,934.0,318.0,226.74,514.53,1,-1,-1,-1
263,5,1535.0,463.0,103.17,234.13,1,-1,-1,-1
264,1,1281.0,399.0,103.17,234.13,1,-1,-1,-1
264,2,1112.0,322.0,207.45,470.74,1,-1,-1,-1
264,3,1402.0,381.0,123.42,280.06,1,-1,-1,-1
264,4,912.0,313.0,250.0,567.31,1,-1,-1,-1
264,5,1532.0,438.0,113.37,257.27,1,-1,-1,-1
265,1,1291.0,396.0,94.66,214.81,1,-1,-1,-1
265,2,1144.0,322.0,207.45,470.74,1,-1,-1,-1
265,3,1410.0,385.0,113.37,257.27,1,-1,-1,-1
265,4,934.0,353.0,226.74,514.53,1,-1,-1,-1
265,5,1532.0,438.0,113.37,257.27,1,-1,-1,-1
266,1,1313.0,478.0,103.17,234.13,1,-1,-1,-1
266,2,1144.0,322.0,207.45,470.74,1,-1,-1,-1
266,3,1402.0,381.0,123.42,280.06,1,-1,-1,-1
266,4,984.0,353.0,207.45,470.74,1,-1,-1,-1
266,5,1532.0,438.0,113.37,257.27,1,-1,-1,-1
267,1,1313.0,478.0,103.17,234.13,1,-1,-1,-1
267,2,1183.0,327.0,175.68,398.65,1,-1,-1,-1
267,3,1402.0,381.0,123.42,280.06,1,-1,-1,-1
267,4,969.0,318.0,226.74,514.53,1,-1,-1,-1
267,5,1532.0,438.0,113.37,257.27,1,-1,-1,-1
268,1,1349.0,490.0,73.864,167.61,1,-1,-1,-1
268,2,1176.0,322.0,207.45,470.74,1,-1,-1,-1
268,3,1393.0,376.0,135.42,307.29,1,-1,-1,-1
268,4,969.0,318.0,226.74,514.53,1,-1,-1,-1
268,5,1532.0,438.0,113.37,257.27,1,-1,-1,-1
269,1,1335.0,483.0,94.66,214.81,1,-1,-1,-1
269,2,1183.0,327.0,175.68,398.65,1,-1,-1,-1
269,3,1414.0,376.0,135.42,307.29,1,-1,-1,-1
269,4,1016.0,353.0,207.45,470.74,1,-1,-1,-1
269,5,1532.0,438.0,113.37,257.27,1,-1,-1,-1
270,1,1345.0,463.0,103.17,234.13,1,-1,-1,-1
270,2,1176.0,322.0,207.45,470.74,1,-1,-1,-1
270,3,1414.0,376.0,135.42,307.29,1,-1,-1,-1
270,4,1016.0,353.0,207.45,470.74,1,-1,-1,-1
270,5,1532.0,438.0,113.37,257.27,1,-1,-1,-1
271,1,1349.0,483.0,94.66,214.81,1,-1,-1,-1
271,2,1176.0,322.0,207.45,470.74,1,-1,-1,-1
271,3,1421.0,400.0,123.42,280.06,1,-1,-1,-1
271,4,1048.0,353.0,207.45,470.74,1,-1,-1,-1
271,5,1532.0,438.0,113.37,257.27,1,-1,-1,-1
272,1,1367.0,489.0,67.474,153.11,1,-1,-1,-1
272,2,1176.0,322.0,207.45,470.74,1,-1,-1,-1
272,3,1427.0,385.0,113.37,257.27,1,-1,-1,-1
272,4,1048.0,353.0,207.45,470.74,1,-1,-1,-1
272,5,1549.0,438.0,113.37,257.27,1,-1,-1,-1
273,1,895.0,383.0,189.32,429.61,1,-1,-1,-1
273,2,1215.0,325.0,189.32,429.61,1,-1,-1,-1
273,3,1427.0,385.0,113.37,257.27,1,-1,-1,-1
273,4,1074.0,318.0,226.74,514.53,1,-1,-1,-1
273,5,1549.0,438.0,113.37,257.27,1,-1,-1,-1
274,1,920.0,353.0,207.45,470.74,1,-1,-1,-1
274,2,1215.0,325.0,189.32,429.61,1,-1,-1,-1
274,3,1421.0,381.0,123.42,280.06,1,-1,-1,-1
274,4,1080.0,353.0,207.45,470.74,1,-1,-1,-1
274,5,1572.0,505.0,79.918,181.35,1,-1,-1,-1
275,1,924.0,383.0,189.32,429.61,1,-1,-1,-1
275,2,1215.0,325.0,189.32,429.61,1,-1,-1,-1
275,3,1435.0,376.0,135.42,307.29,1,-1,-1,-1
275,4,1080.0,353.0,207.45,470.74,1,-1,-1,-1
275,5,1572.0,505.0,79.918,181.35,1,-1,-1,-1
276,1,924.0,383.0,189.32,429.61,1,-1,-1,-1
276,2,1237.0,340.0,146.62,332.71,1,-1,-1,-1
276,3,1440.0,381.0,123.42,280.06,1,-1,-1,-1
276,4,1080.0,353.0,207.45,470.74,1,-1,-1,-1
276,5,1579.0,488.0,87.838,199.32,1,-1,-1,-1
277,1,920.0,353.0,207.45,470.74,1,-1,-1,-1
277,2,1247.0,335.0,135.42,307.29,1,-1,-1,-1
277,3,1461.0,541.0,67.474,153.11,1,-1,-1,-1
277,4,1112.0,353.0,207.45,470.74,1,-1,-1,-1
277,5,1567.0,438.0,113.37,257.27,1,-1,-1,-1
278,1,886.0,408.0,175.68,398.65,1,-1,-1,-1
278,2,1259.0,340.0,146.62,332.71,1,-1,-1,-1
278,3,1435.0,376.0,135.42,307.29,1,-1,-1,-1
278,4,1112.0,353.0,207.45,470.74,1,-1,-1,-1
278,5,1567.0,438.0,113.37,257.27,1,-1,-1,-1
279,1,952.0,353.0,207.45,470.74,1,-1,-1,-1
279,2,1281.0,339.0,87.838,199.32,1,-1,-1,-1
279,3,1456.0,399.0,103.17,234.13,1,-1,-1,-1
279,4,1112.0,353.0,207.45,470.74,1,-1,-1,-1
279,5,1567.0,438.0,113.37,257.27,1,-1,-1,-1
280,1,952.0,353.0,207.45,470.74,1,-1,-1,-1
280,2,1208.0,322.0,207.45,470.74,1,-1,-1,-1
280,3,1461.0,541.0,67.474,153.11,1,-1,-1,-1
280,4,1144.0,353.0,207.45,470.74,1,-1,-1,-1
280,5,1553.0,469.0,94.66,214.81,1,-1,-1,-1
281,1,982.0,354.0,189.32,429.61,1,-1,-1,-1
281,2,1208.0,322.0,207.45,470.74,1,-1,-1,-1
281,3,1456.0,376.0,135.42,307.29,1,-1,-1,-1
281,4,1144.0,353.0,207.45,470.74,1,-1,-1,-1
281,5,1551.0,447.0,103.17,234.13,1,-1,-1,-1
282,1,982.0,354.0,189.32,429.61,1,-1,-1,-1
282,2,1208.0,322.0,207.45,470.74,1,-1,-1,-1
282,3,1456.0,376.0,135.42,307.29,1,-1,-1,-1
282,4,1144.0,353.0,207.45,470.74,1,-1,-1,-1
282,5,1553.0,469.0,94.66,214.81,1,-1,-1,-1
283,1,1011.0,354.0,189.32,429.61,1,-1,-1,-1
283,2,1240.0,322.0,207.45,470.74,1,-1,-1,-1
283,3,1472.0,399.0,103.17,234.13,1,-1,-1,-1
283,4,1176.0,353.0,207.45,470.74,1,-1,-1,-1
283,5,1567.0,463.0,103.17,234.13,1,-1,-1,-1
284,1,1021.0,381.0,175.68,398.65,1,-1,-1,-1
284,2,1240.0,322.0,207.45,470.74,1,-1,-1,-1
284,3,1478.0,400.0,123.42,280.06,1,-1,-1,-1
284,4,1176.0,353.0,207.45,470.74,1,-1,-1,-1
284,5,1622.0,569.0,52.0,118.0,1,-1,-1,-1
285,1,1021.0,381.0,175.68,398.65,1,-1,-1,-1
285,2,1240.0,322.0,207.45,470.74,1,-1,-1,-1
285,3,1478.0,400.0,123.42,280.06,1,-1,-1,-1
285,4,1176.0,353.0,207.45,470.74,1,-1,-1,-1
285,5,1573.0,400.0,123.42,280.06,1,-1,-1,-1
286,1,1052.0,371.0,159.84,362.7,1,-1,-1,-1
286,2,1273.0,325.0,189.32,429.61,1,-1,-1,-1
286,3,1534.0,545.0,52.0,118.0,1,-1,-1,-1
286,4,1215.0,354.0,189.32,429.61,1,-1,-1,-1
286,5,1583.0,431.0,103.17,234.13,1,-1,-1,-1
287,1,1040.0,354.0,189.32,429.61,1,-1,-1,-1
287,2,1127.0,354.0,189.32,429.61,1,-1,-1,-1
287,3,1477.0,376.0,135.42,307.29,1,-1,-1,-1
287,4,1208.0,353.0,207.45,470.74,1,-1,-1,-1
287,5,1583.0,431.0,103.17,234.13,1,-1,-1,-1
288,1,1048.0,381.0,175.68,398.65,1,-1,-1,-1
288,2,1144.0,322.0,207.45,470.74,1,-1,-1,-1
288,3,1503.0,629.0,26.0,59.0,1,-1,-1,-1
288,4,1208.0,353.0,207.45,470.74,1,-1,-1,-1
288,5,1583.0,431.0,103.17,234.13,1,-1,-1,-1
289,1,1048.0,381.0,175.68,398.65,1,-1,-1,-1
289,2,1129.0,354.0,175.68,398.65,1,-1,-1,-1
289,3,1497.0,376.0,135.42,307.29,1,-1,-1,-1
289,4,1208.0,353.0,207.45,470.74,1,-1,-1,-1
289,5,1583.0,431.0,103.17,234.13,1,-1,-1,-1
290,1,1048.0,381.0,175.68,398.65,1,-1,-1,-1
290,2,1169.0,363.0,146.62,332.71,1,-1,-1,-1
290,3,1497.0,376.0,135.42,307.29,1,-1,-1,-1
290,4,1240.0,353.0,207.45,470.74,1,-1,-1,-1
290,5,1588.0,524.0,73.864,167.61,1,-1,-1,-1
291,1,1048.0,381.0,175.68,398.65,1,-1,-1,-1
291,2,1169.0,363.0,146.62,332.71,1,-1,-1,-1
291,3,1516.0,400.0,123.42,280.06,1,-1,-1,-1
291,4,1240.0,353.0,207.45,470.74,1,-1,-1,-1
291,5,1567.0,438.0,113.37,257.27,1,-1,-1,-1
292,1,1048.0,381.0,175.68,398.65,1,-1,-1,-1
292,2,1102.0,354.0,175.68,398.65,1,-1,-1,-1
292,3,1516.0,400.0,123.42,280.06,1,-1,-1,-1
292,4,1273.0,354.0,189.32,429.61,1,-1,-1,-1
292,5,1584.0,438.0,113.37,257.27,1,-1,-1,-1
293,1,1075.0,381.0,175.68,398.65,1,-1,-1,-1
293,2,1192.0,363.0,146.62,332.71,1,-1,-1,-1
293,3,1535.0,400.0,123.42,280.06,1,-1,-1,-1
293,4,1273.0,354.0,189.32,429.61,1,-1,-1,-1
293,5,1630.0,559.0,56.686,128.63,1,-1,-1,-1
294,1,1075.0,381.0,175.68,398.65,1,-1,-1,-1
294,2,1192.0,363.0,146.62,332.71,1,-1,-1,-1
294,3,1535.0,400.0,123.42,280.06,1,-1,-1,-1
294,4,1272.0,353.0,207.45,470.74,1,-1,-1,-1
294,5,1599.0,447.0,103.17,234.13,1,-1,-1,-1
295,1,1077.0,396.0,159.84,362.7,1,-1,-1,-1
295,2,1126.0,371.0,159.84,362.7,1,-1,-1,-1
295,3,1530.0,385.0,146.62,332.71,1,-1,-1,-1
295,4,1302.0,354.0,189.32,429.61,1,-1,-1,-1
295,5,1643.0,371.0,159.84,362.7,1,-1,-1,-1
296,1,1075.0,354.0,175.68,398.65,1,-1,-1,-1
296,2,1192.0,363.0,146.62,332.71,1,-1,-1,-1
296,3,1549.0,420.0,113.37,257.27,1,-1,-1,-1
296,4,1331.0,354.0,189.32,429.61,1,-1,-1,-1
296,5,1668.0,371.0,159.84,362.7,1,-1,-1,-1
297,1,1102.0,396.0,159.84,362.7,1,-1,-1,-1
297,2,1214.0,363.0,146.62,332.71,1,-1,-1,-1
297,3,1535.0,400.0,123.42,280.06,1,-1,-1,-1
297,4,1331.0,354.0,189.32,429.61,1,-1,-1,-1
297,5,1643.0,371.0,159.84,362.7,1,-1,-1,-1
298,1,1102.0,396.0,159.84,362.7,1,-1,-1,-1
298,2,1214.0,363.0,146.62,332.71,1,-1,-1,-1
298,3,1585.0,552.0,67.474,153.11,1,-1,-1,-1
298,4,1331.0,354.0,189.32,429.61,1,-1,-1,-1
298,5,1695.0,542.0,79.918,181.35,1,-1,-1,-1
299,1,1102.0,371.0,159.84,362.7,1,-1,-1,-1
299,2,1214.0,363.0,146.62,332.71,1,-1,-1,-1
299,3,1253.0,680.0,28.302,64.224,1,-1,-1,-1
299,4,1331.0,354.0,189.32,429.61,1,-1,-1,-1
299,5,1695.0,542.0,79.918,181.35,1,-1,-1,-1
300,1,1102.0,371.0,159.84,362.7,1,-1,-1,-1
300,2,1214.0,363.0,146.62,332.71,1,-1,-1,-1
300,3,1801.0,513.0,40.123,91.049,1,-1,-1,-1
300,4,1331.0,354.0,189.32,429.61,1,-1,-1,-1
300,5,1708.0,542.0,79.918,181.35,1,-1,-1,-1
301,1,1102.0,396.0,159.84,362.7,1,-1,-1,-1
301,2,1210.0,354.0,175.68,398.65,1,-1,-1,-1
301,3,1554.0,400.0,123.42,280.06,1,-1,-1,-1
301,4,1331.0,354.0,189.32,429.61,1,-1,-1,-1
301,5,1708.0,542.0,79.918,181.35,1,-1,-1,-1
302,1,1126.0,396.0,159.84,362.7,1,-1,-1,-1
302,2,1237.0,363.0,146.62,332.71,1,-1,-1,-1
302,3,1567.0,403.0,113.37,257.27,1,-1,-1,-1
302,4,1360.0,354.0,189.32,429.61,1,-1,-1,-1
302,5,1708.0,542.0,79.918,181.35,1,-1,-1,-1
303,1,1126.0,396.0,159.84,362.7,1,-1,-1,-1
303,2,1237.0,363.0,146.62,332.71,1,-1,-1,-1
303,3,1596.0,552.0,67.474,153.11,1,-1,-1,-1
303,4,1360.0,354.0,189.32,429.61,1,-1,-1,-1
303,5,1708.0,542.0,79.918,181.35,1,-1,-1,-1
304,1,1126.0,396.0,159.84,362.7,1,-1,-1,-1
304,2,1237.0,363.0,146.62,332.71,1,-1,-1,-1
304,3,1573.0,400.0,123.42,280.06,1,-1,-1,-1
304,4,1360.0,354.0,189.32,429.61,1,-1,-1,-1
304,5,1708.0,542.0,79.918,181.35,1,-1,-1,-1
305,1,1126.0,396.0,159.84,362.7,1,-1,-1,-1
305,2,1237.0,363.0,146.62,332.71,1,-1,-1,-1
305,3,1573.0,400.0,123.42,280.06,1,-1,-1,-1
305,4,1372.0,354.0,175.68,398.65,1,-1,-1,-1
305,5,1708.0,542.0,79.918,181.35,1,-1,-1,-1
306,1,1126.0,396.0,159.84,362.7,1,-1,-1,-1
306,2,1259.0,363.0,146.62,332.71,1,-1,-1,-1
306,3,1573.0,400.0,123.42,280.06,1,-1,-1,-1
306,4,1389.0,354.0,189.32,429.61,1,-1,-1,-1
306,5,1708.0,542.0,79.918,181.35,1,-1,-1,-1
307,1,1151.0,396.0,159.84,362.7,1,-1,-1,-1
307,2,1259.0,363.0,146.62,332.71,1,-1,-1,-1
307,3,1573.0,400.0,123.42,280.06,1,-1,-1,-1
307,4,1389.0,354.0,189.32,429.61,1,-1,-1,-1
307,5,1708.0,542.0,79.918,181.35,1,-1,-1,-1
308,1,1151.0,396.0,159.84,362.7,1,-1,-1,-1
308,2,1259.0,363.0,146.62,332.71,1,-1,-1,-1
308,3,1597.0,505.0,79.918,181.35,1,-1,-1,-1
308,4,1389.0,354.0,189.32,429.61,1,-1,-1,-1
308,5,1708.0,542.0,79.918,181.35,1,-1,-1,-1
309,1,1151.0,396.0,159.84,362.7,1,-1,-1,-1
309,2,1259.0,363.0,146.62,332.71,1,-1,-1,-1
309,3,1573.0,400.0,123.42,280.06,1,-1,-1,-1
309,4,1389.0,354.0,189.32,429.61,1,-1,-1,-1
309,5,1708.0,542.0,79.918,181.35,1,-1,-1,-1
310,1,1151.0,396.0,159.84,362.7,1,-1,-1,-1
310,2,1282.0,363.0,146.62,332.71,1,-1,-1,-1
310,3,1573.0,400.0,123.42,280.06,1,-1,-1,-1
310,4,1389.0,354.0,189.32,429.61,1,-1,-1,-1
310,5,1708.0,542.0,79.918,181.35,1,-1,-1,-1
311,1,1175.0,396.0,159.84,362.7,1,-1,-1,-1
311,2,1282.0,363.0,146.62,332.71,1,-1,-1,-1
311,3,1592.0,381.0,123.42,280.06,1,-1,-1,-1
311,4,1389.0,354.0,189.32,429.61,1,-1,-1,-1
311,5,1708.0,542.0,79.918,181.35,1,-1,-1,-1
312,1,1175.0,396.0,159.84,362.7,1,-1,-1,-1
312,2,1282.0,363.0,146.62,332.71,1,-1,-1,-1
312,3,1592.0,400.0,123.42,280.06,1,-1,-1,-1
312,4,1422.0,396.0,159.84,362.7,1,-1,-1,-1
312,5,1708.0,542.0,79.918,181.35,1,-1,-1,-1
313,1,1169.0,385.0,146.62,332.71,1,-1,-1,-1
313,2,1282.0,363.0,146.62,332.71,1,-1,-1,-1
313,3,1619.0,403.0,113.37,257.27,1,-1,-1,-1
313,4,1422.0,396.0,159.84,362.7,1,-1,-1,-1
313,5,1708.0,542.0,79.918,181.35,1,-1,-1,-1
314,1,1192.0,385.0,146.62,332.71,1,-1,-1,-1
314,2,1282.0,363.0,146.62,332.71,1,-1,-1,-1
314,3,1640.0,410.0,94.66,214.81,1,-1,-1,-1
314,4,1422.0,396.0,159.84,362.7,1,-1,-1,-1
314,5,1708.0,542.0,79.918,181.35,1,-1,-1,-1
315,1,1192.0,385.0,146.62,332.71,1,-1,-1,-1
315,2,1282.0,363.0,146.62,332.71,1,-1,-1,-1
315,3,1636.0,403.0,113.37,257.27,1,-1,-1,-1
315,4,1418.0,354.0,189.32,429.61,1,-1,-1,-1
315,5,1708.0,542.0,79.918,181.35,1,-1,-1,-1
316,1,1192.0,385.0,146.62,332.71,1,-1,-1,-1
316,2,1282.0,363.0,146.62,332.71,1,-1,-1,-1
316,3,1636.0,403.0,113.37,257.27,1,-1,-1,-1
316,4,1427.0,381.0,175.68,398.65,1,-1,-1,-1
316,5,1708.0,542.0,79.918,181.35,1,-1,-1,-1
317,1,1192.0,385.0,146.62,332.71,1,-1,-1,-1
317,2,1249.0,371.0,159.84,362.7,1,-1,-1,-1
317,3,1623.0,397.0,135.42,307.29,1,-1,-1,-1
317,4,1427.0,354.0,175.68,398.65,1,-1,-1,-1
317,5,1708.0,542.0,79.918,181.35,1,-1,-1,-1
318,1,1192.0,385.0,146.62,332.71,1,-1,-1,-1
318,2,1282.0,363.0,146.62,332.71,1,-1,-1,-1
318,3,1623.0,397.0,135.42,307.29,1,-1,-1,-1
318,4,1427.0,381.0,175.68,398.65,1,-1,-1,-1
318,5,1708.0,542.0,79.918,181.35,1,-1,-1,-1
319,1,1192.0,385.0,146.62,332.71,1,-1,-1,-1
319,2,1249.0,371.0,159.84,362.7,1,-1,-1,-1
319,3,1654.0,403.0,113.37,257.27,1,-1,-1,-1
319,4,1446.0,396.0,159.84,362.7,1,-1,-1,-1
319,5,1708.0,542.0,79.918,181.35,1,-1,-1,-1
320,1,1192.0,385.0,146.62,332.71,1,-1,-1,-1
320,2,1237.0,408.0,146.62,332.71,1,-1,-1,-1
320,3,1644.0,397.0,135.42,307.29,1,-1,-1,-1
320,4,1427.0,354.0,175.68,398.65,1,-1,-1,-1
320,5,1370.0,654.0,28.302,64.224,1,-1,-1,-1
321,1,1214.0,385.0,146.62,332.71,1,-1,-1,-1
321,2,1259.0,408.0,146.62,332.71,1,-1,-1,-1
321,3,1643.0,385.0,146.62,332.71,1,-1,-1,-1
321,4,1446.0,396.0,159.84,362.7,1,-1,-1,-1
321,5,1806.0,521.0,36.723,83.333,1,-1,-1,-1
322,1,1214.0,385.0,146.62,332.71,1,-1,-1,-1
322,2,1259.0,408.0,146.62,332.71,1,-1,-1,-1
322,3,1643.0,385.0,146.62,332.71,1,-1,-1,-1
322,4,1446.0,396.0,159.84,362.7,1,-1,-1,-1
322,5,1616.0,541.0,67.474,153.11,1,-1,-1,-1
323,1,1214.0,385.0,146.62,332.71,1,-1,-1,-1
323,2,1259.0,408.0,146.62,332.71,1,-1,-1,-1
323,3,1643.0,385.0,146.62,332.71,1,-1,-1,-1
323,4,1446.0,396.0,159.84,362.7,1,-1,-1,-1
323,5,1615.0,551.0,61.514,139.59,1,-1,-1,-1
324,1,1225.0,371.0,159.84,362.7,1,-1,-1,-1
324,2,1310.0,397.0,135.42,307.29,1,-1,-1,-1
324,3,1643.0,385.0,146.62,332.71,1,-1,-1,-1
324,4,1427.0,354.0,175.68,398.65,1,-1,-1,-1
324,5,1584.0,438.0,113.37,257.27,1,-1,-1,-1
325,1,1214.0,385.0,146.62,332.71,1,-1,-1,-1
325,2,1274.0,371.0,159.84,362.7,1,-1,-1,-1
325,3,1643.0,385.0,146.62,332.71,1,-1,-1,-1
325,4,1427.0,354.0,175.68,398.65,1,-1,-1,-1
325,5,1584.0,438.0,113.37,257.27,1,-1,-1,-1
326,1,1237.0,408.0,146.62,332.71,1,-1,-1,-1
326,2,1282.0,385.0,146.62,332.71,1,-1,-1,-1
326,3,1698.0,410.0,94.66,214.81,1,-1,-1,-1
326,4,1427.0,354.0,175.68,398.65,1,-1,-1,-1
326,5,1481.0,381.0,175.68,398.65,1,-1,-1,-1
327,1,1237.0,385.0,146.62,332.71,1,-1,-1,-1
327,2,1305.0,385.0,146.62,332.71,1,-1,-1,-1
327,3,1643.0,385.0,146.62,332.71,1,-1,-1,-1
327,4,1427.0,354.0,175.68,398.65,1,-1,-1,-1
327,5,1624.0,574.0,47.794,108.46,1,-1,-1,-1
328,1,1237.0,408.0,146.62,332.71,1,-1,-1,-1
328,2,1282.0,385.0,146.62,332.71,1,-1,-1,-1
328,3,1694.0,399.0,103.17,234.13,1,-1,-1,-1
328,4,1446.0,371.0,159.84,362.7,1,-1,-1,-1
328,5,1584.0,438.0,113.37,257.27,1,-1,-1,-1
329,1,1237.0,385.0,146.62,332.71,1,-1,-1,-1
329,2,1282.0,408.0,146.62,332.71,1,-1,-1,-1
329,3,1643.0,385.0,146.62,332.71,1,-1,-1,-1
329,4,1446.0,371.0,159.84,362.7,1,-1,-1,-1
329,5,1495.0,396.0,159.84,362.7,1,-1,-1,-1
330,1,1237.0,385.0,146.62,332.71,1,-1,-1,-1
330,2,1282.0,408.0,146.62,332.71,1,-1,-1,-1
330,3,1643.0,385.0,146.62,332.71,1,-1,-1,-1
330,4,1446.0,371.0,159.84,362.7,1,-1,-1,-1
330,5,1495.0,396.0,159.84,362.7,1,-1,-1,-1
331,1,1249.0,371.0,159.84,362.7,1,-1,-1,-1
331,2,1323.0,371.0,159.84,362.7,1,-1,-1,-1
331,3,1643.0,385.0,146.62,332.71,1,-1,-1,-1
331,4,1417.0,385.0,146.62,332.71,1,-1,-1,-1
331,5,1463.0,408.0,146.62,332.71,1,-1,-1,-1
332,1,1249.0,371.0,159.84,362.7,1,-1,-1,-1
332,2,1327.0,385.0,146.62,332.71,1,-1,-1,-1
332,3,1644.0,418.0,135.42,307.29,1,-1,-1,-1
332,4,1417.0,385.0,146.62,332.71,1,-1,-1,-1
332,5,1463.0,408.0,146.62,332.71,1,-1,-1,-1
333,1,1249.0,371.0,159.84,362.7,1,-1,-1,-1
333,2,1327.0,385.0,146.62,332.71,1,-1,-1,-1
333,3,1644.0,418.0,135.42,307.29,1,-1,-1,-1
333,4,1417.0,385.0,146.62,332.71,1,-1,-1,-1
333,5,1463.0,408.0,146.62,332.71,1,-1,-1,-1
334,1,1249.0,371.0,159.84,362.7,1,-1,-1,-1
334,2,1327.0,385.0,146.62,332.71,1,-1,-1,-1
334,3,1668.0,419.0,123.42,280.06,1,-1,-1,-1
334,4,1417.0,385.0,146.62,332.71,1,-1,-1,-1
334,5,1463.0,408.0,146.62,332.71,1,-1,-1,-1
335,1,1282.0,408.0,146.62,332.71,1,-1,-1,-1
335,2,1327.0,385.0,146.62,332.71,1,-1,-1,-1
335,3,1623.0,418.0,135.42,307.29,1,-1,-1,-1
335,4,1417.0,385.0,146.62,332.71,1,-1,-1,-1
335,5,1463.0,408.0,146.62,332.71,1,-1,-1,-1
336,1,1282.0,408.0,146.62,332.71,1,-1,-1,-1
336,2,1327.0,385.0,146.62,332.71,1,-1,-1,-1
336,3,1649.0,438.0,123.42,280.06,1,-1,-1,-1
336,4,1417.0,385.0,146.62,332.71,1,-1,-1,-1
336,5,1463.0,408.0,146.62,332.71,1,-1,-1,-1
337,1,1282.0,385.0,146.62,332.71,1,-1,-1,-1
337,2,1327.0,408.0,146.62,332.71,1,-1,-1,-1
337,3,1623.0,418.0,135.42,307.29,1,-1,-1,-1
337,4,1485.0,408.0,146.62,332.71,1,-1,-1,-1
337,5,1440.0,385.0,146.62,332.71,1,-1,-1,-1
338,1,1259.0,408.0,146.62,332.71,1,-1,-1,-1
338,2,1305.0,385.0,146.62,332.71,1,-1,-1,-1
338,3,1623.0,418.0,135.42,307.29,1,-1,-1,-1
338,4,1440.0,385.0,146.62,332.71,1,-1,-1,-1
338,5,1485.0,408.0,146.62,332.71,1,-1,-1,-1
339,1,1259.0,408.0,146.62,332.71,1,-1,-1,-1
339,2,1305.0,385.0,146.62,332.71,1,-1,-1,-1
339,3,1623.0,418.0,135.42,307.29,1,-1,-1,-1
339,4,1440.0,385.0,146.62,332.71,1,-1,-1,-1
339,5,1495.0,371.0,159.84,362.7,1,-1,-1,-1
340,1,1143.0,397.0,135.42,307.29,1,-1,-1,-1
340,2,1305.0,385.0,146.62,332.71,1,-1,-1,-1
340,3,1598.0,385.0,146.62,332.71,1,-1,-1,-1
340,4,1440.0,385.0,146.62,332.71,1,-1,-1,-1
340,5,1495.0,396.0,159.84,362.7,1,-1,-1,-1
341,1,1143.0,397.0,135.42,307.29,1,-1,-1,-1
341,2,1305.0,385.0,146.62,332.71,1,-1,-1,-1
341,3,1630.0,419.0,123.42,280.06,1,-1,-1,-1
341,4,1446.0,371.0,159.84,362.7,1,-1,-1,-1
341,5,1495.0,396.0,159.84,362.7,1,-1,-1,-1
342,1,1143.0,397.0,135.42,307.29,1,-1,-1,-1
342,2,1327.0,385.0,146.62,332.71,1,-1,-1,-1
342,3,1602.0,420.0,113.37,257.27,1,-1,-1,-1
342,4,1440.0,385.0,146.62,332.71,1,-1,-1,-1
342,5,1495.0,371.0,159.84,362.7,1,-1,-1,-1
343,1,1146.0,385.0,146.62,332.71,1,-1,-1,-1
343,2,1327.0,385.0,146.62,332.71,1,-1,-1,-1
343,3,1611.0,400.0,123.42,280.06,1,-1,-1,-1
343,4,1440.0,385.0,146.62,332.71,1,-1,-1,-1
343,5,1485.0,408.0,146.62,332.71,1,-1,-1,-1
344,1,1146.0,385.0,146.62,332.71,1,-1,-1,-1
344,2,1330.0,397.0,135.42,307.29,1,-1,-1,-1
344,3,1602.0,420.0,113.37,257.27,1,-1,-1,-1
344,4,1456.0,418.0,135.42,307.29,1,-1,-1,-1
344,5,1567.0,438.0,113.37,257.27,1,-1,-1,-1
345,1,1146.0,385.0,146.62,332.71,1,-1,-1,-1
345,2,1330.0,397.0,135.42,307.29,1,-1,-1,-1
345,3,1596.0,440.0,94.66,214.81,1,-1,-1,-1
345,4,1456.0,418.0,135.42,307.29,1,-1,-1,-1
345,5,1644.0,418.0,135.42,307.29,1,-1,-1,-1
346,1,1146.0,385.0,146.62,332.71,1,-1,-1,-1
346,2,1330.0,397.0,135.42,307.29,1,-1,-1,-1
346,3,1599.0,431.0,103.17,234.13,1,-1,-1,-1
346,4,1463.0,385.0,146.62,332.71,1,-1,-1,-1
346,5,1664.0,418.0,135.42,307.29,1,-1,-1,-1
347,1,1146.0,385.0,146.62,332.71,1,-1,-1,-1
347,2,1345.0,419.0,123.42,280.06,1,-1,-1,-1
347,3,1599.0,431.0,103.17,234.13,1,-1,-1,-1
347,4,1463.0,385.0,146.62,332.71,1,-1,-1,-1
347,5,1664.0,418.0,135.42,307.29,1,-1,-1,-1
348,1,1124.0,385.0,146.62,332.71,1,-1,-1,-1
348,2,1330.0,397.0,135.42,307.29,1,-1,-1,-1
348,3,1599.0,431.0,103.17,234.13,1,-1,-1,-1
348,4,1456.0,418.0,135.42,307.29,1,-1,-1,-1
348,5,1643.0,385.0,146.62,332.71,1,-1,-1,-1
349,1,1124.0,385.0,146.62,332.71,1,-1,-1,-1
349,2,1351.0,418.0,135.42,307.29,1,-1,-1,-1
349,3,1599.0,431.0,103.17,234.13,1,-1,-1,-1
349,4,1463.0,385.0,146.62,332.71,1,-1,-1,-1
349,5,1706.0,397.0,135.42,307.29,1,-1,-1,-1
350,1,1124.0,385.0,146.62,332.71,1,-1,-1,-1
350,2,1351.0,397.0,135.42,307.29,1,-1,-1,-1
350,3,1606.0,434.0,87.838,199.32,1,-1,-1,-1
350,4,1463.0,385.0,146.62,332.71,1,-1,-1,-1
350,5,1664.0,397.0,135.42,307.29,1,-1,-1,-1
351,1,1124.0,385.0,146.62,332.71,1,-1,-1,-1
351,2,1351.0,397.0,135.42,307.29,1,-1,-1,-1
351,3,1602.0,420.0,113.37,257.27,1,-1,-1,-1
351,4,1463.0,385.0,146.62,332.71,1,-1,-1,-1
351,5,1664.0,397.0,135.42,307.29,1,-1,-1,-1
352,1,1124.0,385.0,146.62,332.71,1,-1,-1,-1
352,2,1351.0,397.0,135.42,307.29,1,-1,-1,-1
352,3,1626.0,425.0,94.66,214.81,1,-1,-1,-1
352,4,1463.0,385.0,146.62,332.71,1,-1,-1,-1
352,5,1666.0,385.0,146.62,332.71,1,-1,-1,-1
353,1,1124.0,385.0,146.62,332.71,1,-1,-1,-1
353,2,1351.0,397.0,135.42,307.29,1,-1,-1,-1
353,3,1626.0,425.0,94.66,214.81,1,-1,-1,-1
353,4,1477.0,397.0,135.42,307.29,1,-1,-1,-1
353,5,1666.0,385.0,146.62,332.71,1,-1,-1,-1
354,1,1101.0,385.0,146.62,332.71,1,-1,-1,-1
354,2,1351.0,397.0,135.42,307.29,1,-1,-1,-1
354,3,1615.0,431.0,103.17,234.13,1,-1,-1,-1
354,4,1477.0,397.0,135.42,307.29,1,-1,-1,-1
354,5,1666.0,385.0,146.62,332.71,1,-1,-1,-1
355,1,1124.0,385.0,146.62,332.71,1,-1,-1,-1
355,2,1372.0,397.0,135.42,307.29,1,-1,-1,-1
355,3,1599.0,431.0,103.17,234.13,1,-1,-1,-1
355,4,1477.0,397.0,135.42,307.29,1,-1,-1,-1
355,5,1666.0,385.0,146.62,332.71,1,-1,-1,-1
356,1,1101.0,385.0,146.62,332.71,1,-1,-1,-1
356,2,1372.0,397.0,135.42,307.29,1,-1,-1,-1
356,3,1599.0,431.0,103.17,234.13,1,-1,-1,-1
356,4,1477.0,397.0,135.42,307.29,1,-1,-1,-1
356,5,1689.0,385.0,146.62,332.71,1,-1,-1,-1
357,1,1101.0,385.0,146.62,332.71,1,-1,-1,-1
357,2,1372.0,397.0,135.42,307.29,1,-1,-1,-1
357,3,1602.0,420.0,113.37,257.27,1,-1,-1,-1
357,4,1485.0,385.0,146.62,332.71,1,-1,-1,-1
357,5,1689.0,385.0,146.62,332.71,1,-1,-1,-1
358,1,1102.0,371.0,159.84,362.7,1,-1,-1,-1
358,2,1372.0,397.0,135.42,307.29,1,-1,-1,-1
358,3,1530.0,408.0,146.62,332.71,1,-1,-1,-1
358,4,1485.0,385.0,146.62,332.71,1,-1,-1,-1
358,5,1689.0,385.0,146.62,332.71,1,-1,-1,-1
359,1,1102.0,371.0,159.84,362.7,1,-1,-1,-1
359,2,1372.0,397.0,135.42,307.29,1,-1,-1,-1
359,3,1530.0,408.0,146.62,332.71,1,-1,-1,-1
359,4,1485.0,385.0,146.62,332.71,1,-1,-1,-1
359,5,1689.0,385.0,146.62,332.71,1,-1,-1,-1
360,1,1102.0,371.0,159.84,362.7,1,-1,-1,-1
360,2,1393.0,397.0,135.42,307.29,1,-1,-1,-1
360,3,1530.0,363.0,146.62,332.71,1,-1,-1,-1
360,4,1485.0,385.0,146.62,332.71,1,-1,-1,-1
360,5,1706.0,397.0,135.42,307.29,1,-1,-1,-1
361,1,1101.0,385.0,146.62,332.71,1,-1,-1,-1
361,2,1393.0,397.0,135.42,307.29,1,-1,-1,-1
361,3,1539.0,376.0,135.42,307.29,1,-1,-1,-1
361,4,1497.0,397.0,135.42,307.29,1,-1,-1,-1
361,5,1706.0,397.0,135.42,307.29,1,-1,-1,-1
362,1,1101.0,385.0,146.62,332.71,1,-1,-1,-1
362,2,1393.0,397.0,135.42,307.29,1,-1,-1,-1
362,3,1554.0,400.0,123.42,280.06,1,-1,-1,-1
362,4,1497.0,397.0,135.42,307.29,1,-1,-1,-1
362,5,1706.0,397.0,135.42,307.29,1,-1,-1,-1
363,1,1101.0,385.0,146.62,332.71,1,-1,-1,-1
363,2,1393.0,397.0,135.42,307.29,1,-1,-1,-1
363,3,1539.0,376.0,135.42,307.29,1,-1,-1,-1
363,4,1497.0,397.0,135.42,307.29,1,-1,-1,-1
363,5,1711.0,385.0,146.62,332.71,1,-1,-1,-1
364,1,1102.0,371.0,159.84,362.7,1,-1,-1,-1
364,2,1421.0,419.0,123.42,280.06,1,-1,-1,-1
364,3,1584.0,403.0,113.37,257.27,1,-1,-1,-1
364,4,1508.0,385.0,146.62,332.71,1,-1,-1,-1
364,5,1711.0,385.0,146.62,332.71,1,-1,-1,-1
365,1,1102.0,371.0,159.84,362.7,1,-1,-1,-1
365,2,1414.0,397.0,135.42,307.29,1,-1,-1,-1
365,3,1560.0,376.0,135.42,307.29,1,-1,-1,-1
365,4,1518.0,397.0,135.42,307.29,1,-1,-1,-1
365,5,1734.0,385.0,146.62,332.71,1,-1,-1,-1
366,1,1102.0,371.0,159.84,362.7,1,-1,-1,-1
366,2,1414.0,397.0,135.42,307.29,1,-1,-1,-1
366,3,1560.0,376.0,135.42,307.29,1,-1,-1,-1
366,4,1518.0,397.0,135.42,307.29,1,-1,-1,-1
366,5,1734.0,385.0,146.62,332.71,1,-1,-1,-1
367,1,1102.0,371.0,159.84,362.7,1,-1,-1,-1
367,2,1435.0,397.0,135.42,307.29,1,-1,-1,-1
367,3,1569.0,371.0,159.84,362.7,1,-1,-1,-1
367,4,1518.0,397.0,135.42,307.29,1,-1,-1,-1
367,5,1734.0,385.0,146.62,332.71,1,-1,-1,-1
368,1,1102.0,371.0,159.84,362.7,1,-1,-1,-1
368,2,1435.0,397.0,135.42,307.29,1,-1,-1,-1
368,3,1539.0,397.0,135.42,307.29,1,-1,-1,-1
368,4,1497.0,418.0,135.42,307.29,1,-1,-1,-1
368,5,1734.0,385.0,146.62,332.71,1,-1,-1,-1
369,1,1075.0,354.0,175.68,398.65,1,-1,-1,-1
369,2,1435.0,397.0,135.42,307.29,1,-1,-1,-1
369,3,1539.0,397.0,135.42,307.29,1,-1,-1,-1
369,4,1497.0,418.0,135.42,307.29,1,-1,-1,-1
369,5,1756.0,385.0,146.62,332.71,1,-1,-1,-1
370,1,1075.0,354.0,175.68,398.65,1,-1,-1,-1
370,2,1435.0,397.0,135.42,307.29,1,-1,-1,-1
370,3,1539.0,397.0,135.42,307.29,1,-1,-1,-1
370,4,1477.0,418.0,135.42,307.29,1,-1,-1,-1
370,5,1756.0,385.0,146.62,332.71,1,-1,-1,-1
371,1,1075.0,354.0,175.68,398.65,1,-1,-1,-1
371,2,1435.0,397.0,135.42,307.29,1,-1,-1,-1
371,3,1539.0,397.0,135.42,307.29,1,-1,-1,-1
371,4,1477.0,418.0,135.42,307.29,1,-1,-1,-1
371,5,1756.0,385.0,146.62,332.71,1,-1,-1,-1
372,1,1069.0,354.0,189.32,429.61,1,-1,-1,-1
372,2,1440.0,419.0,123.42,280.06,1,-1,-1,-1
372,3,1560.0,397.0,135.42,307.29,1,-1,-1,-1
372,4,1478.0,400.0,123.42,280.06,1,-1,-1,-1
372,5,1756.0,385.0,146.62,332.71,1,-1,-1,-1
373,1,1069.0,354.0,189.32,429.61,1,-1,-1,-1
373,2,1421.0,438.0,123.42,280.06,1,-1,-1,-1
373,3,1560.0,397.0,135.42,307.29,1,-1,-1,-1
373,4,1459.0,419.0,123.42,280.06,1,-1,-1,-1
373,5,1779.0,385.0,146.62,332.71,1,-1,-1,-1
374,1,1069.0,354.0,189.32,429.61,1,-1,-1,-1
374,2,1421.0,438.0,123.42,280.06,1,-1,-1,-1
374,3,1560.0,397.0,135.42,307.29,1,-1,-1,-1
374,4,1459.0,419.0,123.42,280.06,1,-1,-1,-1
374,5,1779.0,385.0,146.62,332.71,1,-1,-1,-1
375,1,1048.0,381.0,175.68,398.65,1,-1,-1,-1
375,2,152.0,353.0,207.45,470.74,1,-1,-1,-1
375,3,1581.0,397.0,135.42,307.29,1,-1,-1,-1
375,4,1459.0,419.0,123.42,280.06,1,-1,-1,-1
375,5,1779.0,385.0,146.62,332.71,1,-1,-1,-1
376,1,1048.0,381.0,175.68,398.65,1,-1,-1,-1
376,2,166.0,318.0,226.74,514.53,1,-1,-1,-1
376,3,1581.0,397.0,135.42,307.29,1,-1,-1,-1
376,4,1459.0,419.0,123.42,280.06,1,-1,-1,-1
376,5,1779.0,385.0,146.62,332.71,1,-1,-1,-1
377,1,1040.0,354.0,189.32,429.61,1,-1,-1,-1
377,2,216.0,353.0,207.45,470.74,1,-1,-1,-1
377,3,1581.0,397.0,135.42,307.29,1,-1,-1,-1
377,4,1459.0,419.0,123.42,280.06,1,-1,-1,-1
377,5,1801.0,385.0,146.62,332.71,1,-1,-1,-1
378,1,1040.0,354.0,189.32,429.61,1,-1,-1,-1
378,2,236.0,318.0,226.74,514.53,1,-1,-1,-1
378,3,1581.0,397.0,135.42,307.29,1,-1,-1,-1
378,4,1459.0,419.0,123.42,280.06,1,-1,-1,-1
378,5,1779.0,385.0,146.62,332.71,1,-1,-1,-1
379,1,1040.0,354.0,189.32,429.61,1,-1,-1,-1
379,2,107.0,494.0,103.17,234.13,1,-1,-1,-1
379,3,1592.0,400.0,123.42,280.06,1,-1,-1,-1
379,4,1462.0,420.0,113.37,257.27,1,-1,-1,-1
379,5,1791.0,371.0,159.84,362.7,1,-1,-1,-1
380,1,1040.0,354.0,189.32,429.61,1,-1,-1,-1
380,2,1479.0,420.0,113.37,257.27,1,-1,-1,-1
380,3,1592.0,400.0,123.42,280.06,1,-1,-1,-1
380,4,1444.0,403.0,113.37,257.27,1,-1,-1,-1
380,5,1819.0,443.0,79.918,181.35,1,-1,-1,-1
381,1,1016.0,322.0,207.45,470.74,1,-1,-1,-1
381,2,259.0,313.0,250.0,567.31,1,-1,-1,-1
381,3,1592.0,419.0,123.42,280.06,1,-1,-1,-1
381,4,1444.0,438.0,113.37,257.27,1,-1,-1,-1
381,5,1834.0,469.0,67.474,153.11,1,-1,-1,-1
